:020000040040BA
:10000000C0514520818640007D8640007D864000AD
:100010007D8640007D8640007D8640000000000017
:100020000000000000000000000000007D8640008D
:100030007D864000000000007D864000F5A2400063
:100040007D8640007D8640007D8640007D864000A4
:100050007D8640007D8640007D8640007D86400094
:100060007D8640000000000039674000496740007D
:10007000596740007D8640007D8640007D864000B7
:1000800069674000796740007D8640007D864000BA
:100090007D8640007D8640007D8640005987400077
:1000A0007D8640007D8640007D8640007D86400044
:1000B0007D8640000D6640007D8640007D864000C4
:1000C0007D8640007D864000F976400000000000FB
:1000D0000000000000000000000000000000000020
:1000E0001D6640007D8640007D8640007D86400084
:1000F0007D8640007D8640007D8640007D864000F4
:100100007D8640007D864000858740007D864000DA
:100110007D8640000000000000000000000000009C
:100120007D8640007D864000459340007D864000EE
:100130007D8640007D8640007D8640007D864000B3
:100140007D8640007D864000000000000000000029
:100150007D8640007D8640007D86400010B5054CC0
:10016000237833B9044B13B10448AFF30080012363
:10017000237010BD8810402000000000CC83410097
:100180000C4B43B10C480D4910B5AFF300800C483F
:10019000036823B910BD0A48036833B97047094B97
:1001A000002BF7D0BDE810401847064B002BF5D0C8
:1001B000184700BF00000000CC8341008C10402095
:1001C000CC8341000000000008B505F08FF803F073
:1001D0002DFCFCE703780B7043784B7043884B8011
:1001E00083888B8083798B71C379CB71083070479A
:1001F000B9B110B44B1E9CB2431E0119104613F83E
:10020000012F82EA102282EA121242EA002080EADA
:10021000023080EA421080B28B42F0D15DF8044B8C
:10022000704710467047F8B50D4611469AB104461E
:100230001A464F1EBFB2013703EB8707161D23680E
:1002400029462046984740B9A18C29448DB23246B0
:10025000BE42F3D1F8BD0020F8BDF8BDC2B12DE912
:10026000F04104460E4602F1FF381FFA88F81D1FC0
:1002700003EB8808676855F8042F31462046B847D5
:1002800040B9A18C31448EB24545F3D1BDE8F0812F
:1002900000207047BDE8F081A2B170B5561EB6B21D
:1002A000054601F10804023601EBC6066B6854F8F6
:1002B000042C34F8081C2846984728B90834B4425E
:1002C000F4D170BD0020704770BD2DE9F0410546A6
:1002D0000C4601EB4208444509D01F1D2E681A4602
:1002E00034F8021B2846B04720B93B46F3E700200C
:1002F000BDE8F081BDE8F08170B582B004460E46DD
:100300001546036801AA984708B102B070BD019A6A
:100310002A4301926368314620469847F5E770B555
:1003200082B004460D461646036801AA984708B1F4
:1003300002B070BD019A22EA060201926368294662
:1003400020469847F4E7F0B583B004460D461746BB
:100350001E46036801AA984708B103B0F0BD019A90
:1003600022EA0702324301926368294620469847F1
:10037000F3E70000074B8360074BC360074B036143
:10038000074B4361074B8361074BC361074B036214
:1003900081847047270240005D02400099024000BE
:1003A000CB024000F90240001F0340004703400019
:1003B000F8B50D461146A2B104461A464F1EFFB2CB
:1003C000013703EB4707961C2368294620469847C8
:1003D00048B994F824102944CDB23246BE42F2D135
:1003E000F8BD0020F8BDF8BDCAB12DE9F0410446C2
:1003F0000E4602F1FF385FFA88F89D1E03EB4808AD
:10040000676835F8022F31462046B84748B994F856
:1004100024103144CEB24545F2D1BDE8F081002030
:100420007047BDE8F0819AB170B5561EF6B2054628
:100430000C1D023601EB86066B6834F8022C14F8AA
:10044000041C2846984728B90434B442F4D170BD3E
:100450000020704770BD2DE9F04105460C4601EBC8
:100460000208444509D09F1C2E681A4614F8011B47
:100470002846B04720B93B46F3E70020BDE8F081AD
:10048000BDE8F08170B582B004460E46154603689B
:100490000DF10602984708B102B070BDBDF8062004
:1004A0002A43ADF806206368314620469847F3E7B3
:1004B00070B582B004460D46164603680DF106027B
:1004C000984708B102B070BDBDF8062022EA0602C6
:1004D000ADF806206368294620469847F2E7F0B554
:1004E00083B005460E4617461C4603680DF106020A
:1004F000984708B103B0F0BDBDF8062022EA070214
:10050000224392B2ADF806206B68314628469847E0
:10051000F0E70000084B8360084BC360084B0361A1
:10052000084B4361084B8361084BC361084B03626E
:1005300080F82410704700BFB1034000E903400079
:10054000270440005704400085044000B1044000E7
:10055000DF044000F8B50D4611469AB104461A462C
:100560004F1EBFB2013703EB4707961C236829468D
:100570002046984740B9218D29448DB23246BE426B
:10058000F3D1F8BD0020F8BDF8BDC2B12DE9F041AE
:1005900004460E4602F1FF381FFA88F89D1E03EB51
:1005A0004808676835F8022F31462046B84740B9F9
:1005B000218D31448EB24545F3D1BDE8F081002054
:1005C0007047BDE8F0819AB170B5561EB6B20546C7
:1005D0000C1D023601EB86066B6834F8022C34F8E9
:1005E000041C2846984728B90434B442F4D170BD9D
:1005F0000020704770BD9AB170B5561EB6B2054660
:100600000C1D023601EB86066B6834F8022C34F8B8
:10061000041C2846984728B90434B442F4D170BD6C
:100620000020704770BD2DE9F04105460C4601EBF6
:100630004208444509D09F1C2E681A4634F8021B14
:100640002846B04720B93B46F3E70020BDE8F081DB
:10065000BDE8F08170B582B004460E4615460368C9
:100660000DF10602984708B102B070BDBDF8062032
:100670002A43ADF806206368314620469847F3E7E1
:1006800070B582B004460D46164603680DF10602A9
:10069000984708B102B070BDBDF8062022EA0602F4
:1006A000ADF806206368294620469847F2E7F0B582
:1006B00083B005460E4617461C4603680DF1060238
:1006C000984708B103B0F0BDBDF8062022EA070242
:1006D000224392B2ADF806206B683146284698470F
:1006E000F0E70000084B8360084BC360084B0361D0
:1006F000084B8361084B4361084BC361084B03629D
:10070000084B436201857047550540008B0540004A
:10071000C705400027064000F70540005506400089
:1007200081064000AF064000F8B50D461146A2B163
:1007300004461A464F1EFFB2013703EB8707161D0A
:10074000236829462046984748B994F8241029443C
:10075000CDB23246BE42F2D1F8BD0020F8BDF8BDA0
:10076000CAB12DE9F04104460E4602F1FF385FFAA6
:1007700088F81D1F03EB8808676855F8042F314679
:100780002046B84748B994F824103144CEB24545C4
:10079000F2D1BDE8F08100207047BDE8F081A2B140
:1007A00070B5561EF6B2054601F10804023601EB9B
:1007B000C6066B6854F8042C14F8081C28469847A1
:1007C00028B90834B442F4D170BD0020704770BD20
:1007D0002DE9F04105460C4601EB0208444509D0DD
:1007E0001F1D2E681A4614F8011B2846B04720B971
:1007F0003B46F3E70020BDE8F081BDE8F08170B52D
:1008000082B004460E461546036801AA984708B10F
:1008100002B070BD019A2A430192636831462046B6
:100820009847F5E770B582B004460D461646036852
:1008300001AA984708B102B070BD019A22EA0602E7
:1008400001926368294620469847F4E7F0B583B0E3
:1008500004460D4617461E46036801AA984708B18C
:1008600003B0F0BD019A22EA0702324301926368A5
:10087000294620469847F3E7084B8360084BC3603E
:10088000084B0361084B4361084B8361084BC3610C
:10089000084B036280F82410704700BF290740000E
:1008A000610740009F074000D1074000FF0740005C
:1008B000250840004D08400044307047183070470C
:1008C0005830704730B583B00446C9B1134B1B682C
:1008D000ADF804301B0C8DF8063000F15805836D1F
:1008E00001A928469847B8B9236F002128469847A0
:1008F0000B4B1A68063219460B689A42FCD808E07E
:10090000036F002158309847E36C04F14400984786
:1009100010B9002084F8A50003B030BDD4414100D7
:10092000B83E402090F8A4300B700020704790F83B
:10093000A53013B9012380F8A530002070470000CE
:100940002DE9F04104460F4611469846069D079A48
:10095000443000F0E9FC04F15806089B2A7841462F
:10096000304600F071FE314604F1180000F074FCCE
:100970000C4B23600C4BA3600C4B63600C4BE3608F
:100980000C4B23610C4B6361C4F8A0706B7884F846
:10099000A430002184F8A5102046FFF793FFBDE89E
:1009A000F08100BFC5084000250940002F09400024
:1009B000BD084000B9084000C108400000B595B02E
:1009C00000230A78014602A800F03EFE0DF106025F
:1009D000702102A800F0E8FC38B9BDF8063003F039
:1009E0000703032B0CBF0020172015B05DF804FB94
:1009F00028307047183070475430704790F8703086
:100A00000B700020704790F8713013B9012380F803
:100A1000713000207047000070B58EB0064639B1C5
:100A2000C36D02224FF40271543098470EB070BD6E
:100A3000C369183098470028F8D16C460D4D0FCD8A
:100A40000FC40FCD0FC40FCD0FC495E8030084E889
:100A500003000722694606F1540000F051FF002808
:100A6000E4D1054B1A68053219460B689A42FCD846
:100A70000020DBE7D8414100B83E402070B5044675
:100A80000E4611461A46183000F0C4FE04F1540513
:100A9000049B1A783146284600F04AFF294604F1A3
:100AA000280000F077FE084B2360084BA360084B3A
:100AB0006360084BE360084B2361084B63610023CC
:100AC00084F8713070BD00BF190A4000FD09400074
:100AD000070A4000F1094000F9094000F50940000B
:100AE00030B59BB0044615461A4616A800F092FE93
:100AF00016A800F06FFE08B11BB030BD2A78214661
:100B000010A800F015FF6C46174D0FCD0FC40FCD88
:100B10000FC40FCD0FC495E8030084E8030007223B
:100B2000694610A800F0ECFE0028E5D10F4B1A68CA
:100B3000053219460B689A42FCD80B4B9B6B0E93FF
:100B40000FAB01220EA910A800F074FE034640B9B5
:100B5000074B0F9A1340B3F5082F0CBF0020172046
:100B6000CAE71846C8E700BFD8414100B83E402058
:100B700000FF0C00143070474430704709B917204B
:100B8000704710B50446036B02224FF440711430D5
:100B90009847002084F8640010BD1120704790F839
:100BA000643013B9012380F86430002070470000DE
:100BB00038B505460C46036807216088984700B1A0
:100BC00038BD6B68002120889847E0B90F4B1A6840
:100BD00002F5FA7219460B689A42FCD86B6801213B
:100BE0002088984700B138BD6B680021608898471D
:100BF00050B9064B1A6802F5FA7219460B689A4208
:100C0000FCD8002038BD38BD38BD00BFB83E4020FC
:100C100070B504460E46114600F144051A88284670
:100C200000F094F9294604F1140000F02BF9074B69
:100C30002360074BA360074B6360074BE360074BE0
:100C400023612666002384F8643070BD7D0B40006C
:100C50009B0B40009F0B4000750B4000790B400040
:100C600000B587B00A88014601A800F06FF90DF1C0
:100C70000203012240F23F4101A800F021F938B9F6
:100C8000BDF8023003F07F03332B0CBF0020172088
:100C900007B05DF804FB4C3070472030704760307F
:100CA000704710B5044649B1436E022200216030FE
:100CB000984748B9002084F8750010BD436D4C304A
:100CC00098470028F6D010BD10BD90F874300B7016
:100CD0000020704790F8753013B9012380F8753003
:100CE0000020704710B50446036F5B6890F87400ED
:100CF000984700B110BD636E0122002104F160002D
:100D0000984710BD10B50446436E0C220021603098
:100D1000984700B110BD236F9B6894F87400984702
:100D200010BD00002DE9F843044688461146994657
:100D3000089E00F14C05099A284600F0A7F904F135
:100D4000600732784946384600F018FA394604F10F
:100D5000200000F059F90E4B23600E4B23610E4B1F
:100D600063600E4BA3600E4BE3600E4B63610E4B52
:100D7000A3610E4BE361C4F87080737884F874301B
:100D8000002384F87530284600F060F9BDE8F88348
:100D9000A30C4000CB0C4000D50C4000E50C4000FB
:100DA000050D40009B0C4000970C40009F0C40003C
:100DB00030B58DB0044615461A4607A800F066F90E
:100DC00007A800F043F92A78214603A800F0D6F9D5
:100DD000134B1B680CA941F8283D0023012203A8EE
:100DE00000F068F908B10DB030BD02238DF8043071
:100DF00000238DF805308DF806308DF807306B46EE
:100E0000012201A903A800F055F90028EBD10548FB
:100E1000009B1840044B984214BF17200020E2E7C3
:100E200014424100BFFFFF0000020A0010B5C06A73
:100E3000890041F0030144681346012289B2A047AA
:100E400010BD00B583B08B098DF80430890041F0E6
:100E500001018DF80510130A8DF806308DF8072072
:100E6000C06A0368012201A9984703B05DF804FB3A
:100E700010B5C06A890041F00301446889B2A047F7
:100E800010BD000038B504460D460121FFF72AFCCD
:100E9000034B2360034B6360034BA360E56238BDE3
:100EA0002D0E4000430E4000710E400010B5920020
:100EB00093B2C268D4690A461946008AA04710BD99
:100EC00070B515461C46520092B2C668B669008AD3
:100ED000B04778B96B1E9BB26DB1A21E04EB430301
:100EE0005088010A41EA002122F8021F9A42F7D1F4
:100EF000002070BD70BD002070BDF0B583B0054608
:100F00000C461746890041F0030146680DF10603BF
:100F1000012289B2B04708B103B0F0BDBDF8062088
:100F20003A43ADF80620A3098DF80030A40044F040
:100F300001048DF80140130A8DF802308DF803206A
:100F40002B680122694628469847E5E7044B036071
:100F5000044B4360044B8360C1600282704700BF52
:100F6000AD0E4000C10E4000FB0E400011F0800F9E
:100F700001D00320704730B583B0144649008DF886
:100F8000041000238DF805308DF806308DF80730F9
:100F9000806A05681346012201A9A84720B9236881
:100FA00013F0407F02D0052003B030BD23F07F4313
:100FB0002360F9E711F0800F23D112F07F4F01D0A9
:100FC0000320704710B582B0490041F001018DF84F
:100FD0000410130C8DF80530130A8DF806308DF8C7
:100FE0000720806A04686B46012201A9A04730B936
:100FF000009B03F04073002B14BF0520002002B0BB
:1010000010BD03207047000038B504460D4601218D
:10101000FFF732FC024B2360024B6360A56238BDD0
:101020006D0F4000B50F400008B500290269C36884
:101030001B680CBF062107211088984708BD08B51A
:101040000269C3689B685088984708BD10B504467C
:101050000021FFF7E9FFA0B90B4B1A6801321946CE
:101060000B689A42FCD801212046FFF7DDFF48B902
:10107000054B1A68013219460B689A42FCD80020C9
:1010800010BD10BD10BD00BFB83E402008B5064BD6
:101090000360064B4360064B83600261C1600B68CE
:1010A00028215088984708BD291040003F10400073
:1010B0004D10400092B32DE9F04784B006461C461F
:1010C000551E4FF000094FF0040804E0013D394679
:1010D000B5F1FF3F1ED00F1D307BB368CDF80090F7
:1010E000D3F820A003AB0A464146D04798B9002C5C
:1010F000ECD09DF80C209DF80D301B0443EA0263F0
:101100009DF80F2013439DF80E2043EA022323602D
:101110000434DBE7002004B0BDE8F087002070470E
:1011200030B583B00546144649008DF804100023FD
:101130008DF805308DF806308DF807306B460122AA
:1011400001A9FFF7B7FF08B103B030BD009A2243F1
:1011500000929DF8043043F001038DF80430130C25
:101160008DF80530130A8DF806308DF8072000231E
:10117000012201A92846FFF79DFFE5E710B50346C8
:101180001046084A1A60084A5A60996018734C68F9
:10119000064B08220021A04700B910BD0120FFF72F
:1011A00013F8FAE7B51040002111400080F0FA0270
:1011B00008B5806A4900436801F0FE01984708BD00
:1011C00010B582B0FF248DF8044049008DF8051059
:1011D000806A046901A9A04702B010BD00B583B0C0
:1011E000490041F001018DF80410130A8DF8053013
:1011F0008DF80620806A036801A9984703B05DF85E
:1012000004FBF0B583B000AF9E46FF233B7149005D
:1012100041F0010179715300073323F00703ADEB6F
:10122000030D6B4692B27AB1AEF10204591C551E01
:10123000ADB20EEB450E34F8025F2E0A01F8016CD8
:1012400001F8025B7445F6D1806AC468391DA04775
:101250000C37BD46F0BD000038B504460D460121EF
:10126000FFF758F9044B2360044B6360044BA36001
:10127000044BE360A56238BDB1114000DD114000B0
:10128000C11140000312400008B50269C3685B68E1
:101290001088984708BD000010B504460021FFF7EC
:1012A000F3FFA0B90B4B1A68053219460B689A4236
:1012B000FCD801212046FFF7E7FF48B9054B1A6823
:1012C000053219460B689A42FCD8002010BD10BDAB
:1012D00010BD00BFB83E402030B583B004460D4677
:1012E00000230B700269C3689B680DF107015088E9
:1012F0009847A8B99DF807301BB12B7843F001033C
:101300002B702269E3689B680DF10701908898476C
:1013100030B99DF807302BB12B7843F002032B70C6
:1013200003B030BD0020FBE710B504460C4B036052
:101330000C4B83600C4B43600261C1600B6807215A
:10134000108898472269E3681B68082150889847ED
:101350002269E3681B6808219088984710BD00BF88
:101360008912400099124000D912400038B5044655
:10137000236B002BFCDCE36A002BFCD1E36A013316
:10138000E362E36A012B03D0E36A013BE362F2E725
:10139000636A5D6900230A46032194F82800A84780
:1013A000E36A013BE36238BD70B582B0044615467E
:1013B0008DF80710236B002BFCDCE36A002BFCD1BB
:1013C000E36A0133E362E36A012B03D0E36A013B82
:1013D000E362F2E7636A5E6901230DF107021946D1
:1013E00094F82800B047014640B9636A9E6800231C
:1013F0002A46022194F82800B0470146E36A013BDF
:10140000E3622A88130A43EA02232B80084602B0CB
:1014100070BD70B582B0064615464900CCB243682F
:101420000DF106022146984708B102B070BDBDF823
:1014300006202A43ADF8062044F001048DF8004050
:10144000130A8DF801308DF8022033686946304662
:101450009847EAE770B5064602EB42028D18A942AA
:1014600006D0CC1C3046FFF781FF18B92146F6E7BD
:10147000002070BD70BDF8B590F83D40042A04D935
:10148000E4B214B112221046F8BD046B002CFCDC4F
:10149000C46A002CFCD1C46A0134C462C46A012C41
:1014A0000DD0C46A013CC462F2E7636A5E6900233E
:1014B0002A46790094F82800B04702460DE01D4600
:1014C00017460A460446436A5E690123022190F8E2
:1014D0002800B04702460028E7D0E36A013BE362F8
:1014E000D1E7F8B590F83D50042A04D9EDB215B112
:1014F00012273846F8BD046B002CFCDCC46A002CB3
:10150000FCD1C46A0134C462C46A012C0DD0C46A1F
:10151000013CC462F2E7736A9F6800232A466100B7
:1015200096F82800B84707460DE01D4614460A46BF
:101530000646436A5F690123022190F82800B847F4
:1015400007460028E7D0F36A013BF362601E80B2D1
:10155000002CCED0AA1E05EB400051880B0A43EAAE
:10156000012322F8023F8242F7D1C2E701644264BC
:101570000020704738B54B1E9BB2812B01D8032049
:1015800038BD0D46044690F83D306BB1002380F81D
:101590003D3094F83C30002BFBD1236B013B23639F
:1015A0000021206A08F09AFDC5B1823DA56394F838
:1015B0003D309BB9012384F83D30236B002BFCD1D7
:1015C000236B01332363236B012B03D0236B013B7C
:1015D0002363F2E70121206A08F080FD94F83D3092
:1015E00083F0010384F83C30002038BD90F83D3092
:1015F00013B190F83C3003B1704710B50446012395
:1016000080F83C30816B406B07F03CF9236B013B69
:101610002363236C0BB1606C984710BD08B50023A1
:1016200080F83C30036B002BFCD1036B0133036368
:10163000036B012B03D0036B013B0363F2E7406BA9
:1016400007F07CF908BD000070B5044610461D4641
:101650001F4B63601F4B23601F4B63611F4BA360D5
:101660001F4B23611F4BE3601F4BA3611F4BE361C3
:10167000616284F82820256200232364636484F86F
:101680003D30012284F83C20E36223634E68184B0E
:1016900008220321B04778B96DB107F089F860637B
:1016A0002246144907F0DCF850B922461249206A54
:1016B00008F07CFC40B970BD0120FEF785FDEBE72A
:1016C0000020FEF781FDF0E70020FEF77DFDF2E748
:1016D000A91340006D13400013144000551440003E
:1016E000E314400077144000751540006D1540006C
:1016F00080F0FA021D164000ED15400010B582B0D2
:101700000C0AADF804400902ADF80610806A0468BE
:1017100001A9A04702B010BD08B513460122FFF78A
:10172000EDFF08BDF0B583B000AF9E46124B43EA13
:101730001123BB800902F9809300083323F00703CB
:10174000ADEB030D6B467AB1AEF10404991C551E46
:10175000ADB20EEB850E54F8045F2E0C21F8026C2E
:1017600021F8045B7445F6D1806A4468391DA047AE
:101770000C37BD46F0BD00BF0080FFFF00B583B051
:1017800002AB43F8042D0122FFF7CCFF03B05DF854
:1017900004FB000038B504460D460121FEF7EAFDC2
:1017A000044B2360044B6360044BA360044BE36071
:1017B000A56238BD191740007D174000FD16400096
:1017C0002517400008B5C26883685B681088984791
:1017D00008BD000010B504460021FFF7F3FFA0B9D3
:1017E0000B4B1A68013219460B689A42FCD801214A
:1017F0002046FFF7E7FF48B9054B1A680132194642
:101800000B689A42FCD8002010BD10BD10BD00BF6F
:10181000B83E402008B5054B0360054B4360C260ED
:1018200081600B6807211088984708BDC5174000E4
:10183000D5174000F8B5054617461C4603699E6952
:1018400001230A460221007DB04700B1F8BD2B6993
:10185000DE68002322467900287DB04770B97A1EE1
:1018600092B267B1013204EB820223684FEA33433C
:1018700044F8043BA242F8D10020F8BDF8BD002096
:10188000F8BDF8B5044616461F4603699D69012355
:101890000A460221007DA84700B1F8BD23699D6971
:1018A00000233A467100207DA847F8BDF0B585B009
:1018B000074615460E0AADF8086009028CB2ADF86D
:1018C0000A4003AB012202A9FFF7B4FF08B105B03B
:1018D000F0BD039A2A430392084B3343ADF804301A
:1018E000ADF80640130CADF80030ADF802206B46A1
:1018F000012201A93846FFF7C4FFE8E70080FFFF97
:101900009AB1F8B506460C46551EADB2013501EB4D
:10191000C5050127231D3A4621463046FFF7B1FF92
:1019200028B90834AC42F5D1F8BD00207047F8BDA5
:1019300010B5034610460A4A1A600A4A5A600A4A13
:101940009A600A4ADA60196118754C68084B1022CF
:101950000021A04700B910BD0120FEF735FCFAE7D1
:101960003518400083184000AD18400001194000B0
:1019700080F0FA0210B5144640EA01401A462146AA
:1019800008F0E4FAC0B210BD10B5144640EA0140B8
:101990001A46214608F0DDFAC0B210BD082A01D06F
:1019A0008820704710B50C465A68196840EA044010
:1019B00008F0D1FAC0B210BD012803D0022809D026
:1019C00089207047102A01D088207047064A1A6083
:1019D00000207047102A01D08820704708B5186889
:1019E00009F0D0F8C0B208BDC4014020042801D0DD
:1019F0008920704709B18A2070470AB18820704752
:101A000008B508F0CFFB08B1C0B208BD012008BD81
:101A100018B1032812D0892070470AB18820704776
:101A2000009B1B88212B01D8822070470C4B019A08
:101A300013602223009A1380002070470AB1882087
:101A40007047009B1B880D2B01D882207047054BE7
:101A5000019A13600E23009A13800020704700BF84
:101A600090014020B401402070B582B00646154672
:101A70001C46032919D004291FD0012902D089202E
:101A800002B070BD072B01D88820F9E76946069897
:101A9000FEF7A0FBA4F1080334689BB2069A083253
:101AA0006946E8B2A047C0B2EAE70BB18820E7E791
:101AB0004368D0B29847C0B2E2E70BB18820DFE7B5
:101AC0008368D0B29847C0B2DAE709B1892070477D
:101AD000042B01D08820704708B5C36802990968B3
:101AE000D0B29847C0B208BD70B50D46144619462D
:101AF00012F4004F0CD1042B01D0882070BD466831
:101B0000049B1B682A0AE1B2E8B2B047C0B270BDBC
:101B1000EEB2C2F380332D0A022D0BD0042D10D06B
:101B2000012D01D0892070BD4469049A3046A04738
:101B3000C0B270BD8469049A49083046A047C0B25B
:101B400070BDC469049A89083046A047C0B270BD10
:101B500070B51E46CDB2C2F380330C0A022C0DD0F4
:101B6000042C13D0012C01D0892070BD8468049A04
:101B7000126831462846A047C0B270BDC468049AB6
:101B8000126871082846A047C0B270BD0469049A63
:101B90001268B1082846A047C0B270BD70B582B0C7
:101BA000079C25889D4202D2822002B070BD1D464E
:101BB0000646C8B2C2F3803223800C0A022C0ED033
:101BC000042C15D0012C01D08920EEE7089B1B685E
:101BD0000092346A069A2946A047C0B2E5E7089BFE
:101BE0001B680092746A069A6908A047C0B2DCE7D5
:101BF000089B1B680092B46A069AA908A047C0B265
:101C0000D3E700000021084B1960084B1868084B07
:101C10001A680244074B1A60074B1B681B1A074AD5
:101C20001360074B19607047C0104020B01040206F
:101C3000A8104020B4104020AC104020BC10402020
:101C4000B8104020084B1A680432434203F00303E3
:101C500010440344054909688B4203D8044B1868B3
:101C60001044704700207047C0104020BC10402036
:101C7000B410402070B40A4C0A4B1E6825687319D2
:101C8000705559709A70110AD9702368043313443F
:101C9000524202F003021A44226070BC704700BF37
:101CA000C0104020B4104020434203F00303184406
:101CB000044A136803441360034A1368181A106037
:101CC000704700BFA4104020B0104020042A01D06B
:101CD00088207047012803D0022805D0892070474A
:101CE000034A1A6000207047024A1A6000207047B9
:101CF000AC104020C0104020022801D0892070473D
:101D000010B50F4802680F490B689B1A029C248883
:101D1000A34228BF2346029C23800B4B1B6813441D
:101D2000039C2360029B1B88134403600A68934250
:101D300001D0002010BDFFF765FF002010BD00BFDF
:101D4000B8104020C0104020B41040202DE9F04FC2
:101D500089B01446012804D0FF2800F0E5808920CE
:101D60000AE062B1814A1568814A1268521BA24298
:101D700080F0CC808220C0B209B0BDE8F08F7D4BEE
:101D80001B687D4A1360794A12684AB193F8008053
:101D9000072A40F2B980DFF8D491DFF8DCB12CE0FB
:101DA000002045E0DBF800800495D9F800309D4222
:101DB00001D90B203CE00020FFF744FF002800F091
:101DC000CE80CDF800802B463A463146504601F091
:101DD00067FC002201464020FFF74CFF0498FFF704
:101DE00063FFD9F80020002A00F08A80DBF8003079
:101DF00093F80080072A40F2858093F801A0DA78F2
:101E00009E7846EA02265A791F7947EA0227DA794C
:101E10009D7945EA02250820FFF746FFB8F1430FF8
:101E20002CD0B8F1C00F07D0B8F1400FBAD00520C0
:101E300000224E4B1A609EE72846FFF703FF8046BC
:101E4000002800F08E8008AB43F8040D00932B4669
:101E50003A463146504601F0D1FC061E002818BF14
:101E600025460799884503D02A4640460CF0E4FAF7
:101E70002A463146C020FFF7FDFEB2E70495D9F8A7
:101E800000309D4201D90B20D2E7DBF800803B4BAC
:101E9000186804383A4B1B68C01A4FF6FF73984213
:101EA00028BF184680B2ADF81A00FFF7CBFE0590A8
:101EB000002858D008AB43F8040D02930DF11A0323
:101EC0000193CDF800802B463A463146504601F04A
:101ED0003BFD054610B10023ADF81A30079905986F
:101EE000884203D0BDF81A200CF0A6FABDF81A20DB
:101EF00029464320FFF7BEFE0498FFF7D5FE70E7A2
:101F0000002095E70B2093E70B2091E7194A106812
:101F10002246194628440CF08FFA2C44134B1C60BF
:101F2000FFF770FE002026E7012902D08A20C0B208
:101F300022E7042A01D08820F9E7124A14681868B9
:101F40000021C8220023C73041F100010CF062F8E3
:101F500020440C4A13689842FCD80020E7E7072089
:101F600066E7072064E7072062E700BFB010402063
:101F7000AC104020A8104020A4104020BC104020ED
:101F8000C0104020B83E402008B5044B1860044BF8
:101F90001960044801F07CFB08BD00BFA810402078
:101FA000AC1040208C00402070B50D4614461946F8
:101FB00012F4004F13D10BB1882070BD05F47043AB
:101FC000174901EAC531114304D182681846904788
:101FD000C0B270BD426818469047C0B270BD12F4DE
:101FE000804F01D0872070BD12F4007F07D00BB165
:101FF000882070BDC36828469847C0B270BD12F4EF
:10200000807F05D1C369049A28469847C0B270BD45
:10201000066A049B0A46E1B22846B047C0B270BDCA
:102020000080FF0738B50D4611461A46446A049BE6
:102030002846A047C0B238BD12F4004F01D18A2013
:10204000704712F4804F01D087207047F8B51E46C4
:1020500014460D4612F4807F07D10369069A126870
:10206000314628469847C0B2F8BD4769069B1B68B1
:102070003246E1B22846B847C0B2F8BD38B50D4681
:1020800011461A468469049B1B682846A047C0B2C3
:1020900038BD012B01D08820704700B583B083681C
:1020A0000DF1070110469847049B1B689DF8072017
:1020B0001A70C0B203B05DF804FB0BB18820704702
:1020C00008B5012905D90368090A10469847C0B226
:1020D00008BD4368003118BF012110469847C0B2BF
:1020E00008BD9020704738B51C46012903D002294D
:1020F0000ED0902038BD12F0030F01D0882038BDDB
:1021000005680023C2F387022146A847C0B238BD44
:10211000042A01D0882038BDDB78A178090441EA7F
:10212000036123781943637841EA0321436821F06E
:102130007F42090E9847C0B238BD012901D09020D6
:10214000704712F0030F01D08820704710B5029934
:102150000988914201D2822010BD1946039B1B6859
:10216000029C22800468C2F38702A047C0B210BD5F
:10217000902070472DE9F04100AF052900F2AA80B8
:10218000DFE801F02A144003A862023A92B212F08A
:10219000030F01D0882064E099184D78995CC468D9
:1021A000920841EA0521A047C0B25AE0062A01D0B0
:1021B000882056E059791A79120442EA0162997826
:1021C0000A43DD785C781978836942EA052241EA9E
:1021D00004219847C0B244E0062A01D0882040E09C
:1021E00059791A79120442EA016299780A43DD7832
:1021F0005C781978C36942EA052241EA04219847CC
:10220000C0B22EE00A2A01D088202AE05A7A1C7A2D
:10221000240444EA02649A79144393F807C0597974
:102220001A79120442EA016299780A4393F803E0AA
:102230005E781978056A44EA0C2342EA0E2241EAE4
:102240000621A847C0B20CE06D462349A1FB02411C
:10225000890801EB4101A2EB410189B221B188203B
:10226000AD46BD46BDE8F081A1F15531A1FB02129A
:1022700092085FFA82FE4FEACE010831ADEB010D04
:102280006946BEF1000F20D006336E464FF0000CB9
:1022900013F8058C13F8064C44EA0824348013F82C
:1022A000018C13F8024C240444EA086413F8048CEB
:1022B00044EA080413F8038C44EA082474600CF11F
:1022C000010C06330836E645E2D80369D2B29847D6
:1022D000C0B2C5E79020C4E7ABAAAAAA38B51C468D
:1022E000042903D005291DD0902038BD042A01D02F
:1022F000882038BD5B78227842EA0322049B1B8841
:10230000B3EB820F01D2822038BDE578A17893002B
:10231000049C23808468059B1B6841EA0521A04733
:10232000C0B238BD12F0010F01D0882038BD52086C
:10233000049B1B88D1B2B3EB810F01D2822038BD40
:102340000A468B0004990B804569059B1B68214652
:10235000A847C0B238BD9020704770B51D4602290D
:1023600016D004292AD0012901D0902070BD072A57
:1023700001D8882070BD043A91B211F0030F01D04A
:10238000882070BD46688A081944B047C0B270BD45
:10239000062A01D0882070BD5A791B791B0443EAB4
:1023A0000263AA781343EA786E782978846843EA4E
:1023B000022241EA0621A047C0B270BD12F0070F09
:1023C00001D0882070BDC368D20829469847C0B2A2
:1023D00070BD012901D090207047062A01D08820C5
:1023E000704738B559781A7842EA01220499098869
:1023F000B1EB820F01D2822038BD1946059B1B68C4
:102400009400049D2C8004680231A047C0B238BDFE
:1024100030B583B0174CA478844226D9164C54F8B2
:10242000200028B31D461446012906D019B10329FE
:102430000FD08F201AE0902018E0C3689847089BBF
:102440000193079B0093069B2A46214600F02AFD34
:102450000CE003699847089B0193079B0093069B38
:102460002A46214600F0BFFD00E08D2003B030BDBC
:102470008D20FBE798004020C410402030B583B089
:102480001C4CA47884422FD91B4C54F8200070B304
:102490001D461446012904D099B1032909D08F2083
:1024A00023E0C3689847069B2A46214600F09CFC1F
:1024B0001BE003699847069B2A46214600F06EFD03
:1024C00013E0022A01D090200FE0012B01D08820D8
:1024D0000BE083680DF107019847069B1B689DF888
:1024E00007201A70C0B200E08D2003B030BD8D20EF
:1024F000FBE700BF98004020C410402038B5214CB5
:10250000A478844238D9204C54F82000002835D0D3
:102510001D461446012904D099B1032909D08F2002
:1025200038BDC3689847049B2A46214600F05EFCEC
:1025300038BD03699847049B2A46214600F030FDC8
:1025400038BD42B1012A1BD10BB1882038BD436888
:102550009847C0B238BD012B01D0882038BD049BFC
:102560001978012901D98A2038BD0368003118BFC4
:1025700001219847C0B238BD8D2038BD8D2038BDAF
:10258000902038BD98004020C410402010B504466B
:102590000D4B1B7863B10D4B9B78072B12D8591C40
:1025A0000A4A91700A4A42F823400123184610BD96
:1025B000064801F065F803460028F7D00122024BD7
:1025C0001A70E8E70023F1E7E4104020980040206B
:1025D000C410402030B583B01E4CA478844232D958
:1025E0001D4C54F82000002830D01D461446032905
:1025F0002ED8DFE801F00204101C902024E0C3680C
:102600009847089B0193079B0093069B2A46214607
:1026100000F066F918E003699847089B0193079B4F
:102620000093069B2A46214600F0C5F90CE0436959
:102630009847089B0193079B0093069B2A462146D7
:1026400000F042FE00E08D2003B030BD8D20FBE79E
:102650008F20F9E7A8004020E810402030B583B073
:10266000214CA478844237D9204C54F8200000280B
:1026700035D01D461446032933D8DFE801F01A028D
:102680000A12C3689847069B2A46214600F0A6F81E
:1026900023E003699847069B2A46214600F051F93A
:1026A0001BE043699847069B2A46214600F0B9FD86
:1026B00013E0022A01D090200FE0012D01D08820E4
:1026C0000BE083680DF107019847069B1B689DF896
:1026D00007201A70C0B200E08D2003B030BD8D20FD
:1026E000FBE78F20F9E700BFA8004020E81040205A
:1026F00038B5264CA47884423FD9254C54F82000A4
:1027000000283CD01D46144603293AD8DFE801F0E2
:102710001A020A12C3689847049B2A46214600F011
:102720005FF838BD03699847049B2A46214600F0AC
:1027300021F938BD43699847049B2A46214600F099
:1027400073FD38BD42B1012A1DD10DB1882038BDBD
:1027500043689847C0B238BD012D01D0882038BDEC
:10276000049B1978012901D98A2038BD03680031FA
:1027700018BF01219847C0B238BD8D2038BD8D20CB
:1027800038BD8F2038BD902038BD00BFA800402044
:10279000E810402010B504460D4B1B7863B10D4B7B
:1027A0009B78072B12D8591C0A4A91700A4A42F8A2
:1027B00023400123184610BD064800F061FF034680
:1027C0000028F7D00122024B1A70E8E70023F1E756
:1027D00008114020A8004020E810402090207047B9
:1027E000F8B500AF1C46052975D8DFE801F01F12C7
:1027F0002C03743D013A91B211F0010F01D08820F1
:102800003EE0C5682346C1F34702615CA847C0B2F9
:1028100036E0032A01D0882032E0A178627883690B
:1028200042EA012221789847C0B229E0032A01D068
:10283000882025E0A1786278C36942EA01222178E4
:102840009847C0B21CE0052A01D0882018E02679FC
:10285000E378A1786278056A43EA062342EA012216
:102860002178A847C0B20BE06D461C4BA3FB0213B6
:102870005B0803EB4303D31A9BB21BB18820AD4620
:10288000BD46F8BDA3F15533A3FB0232C2F34702A4
:102890009300083323F00703ADEB030D6946B2B193
:1028A000E31C6E4602F1010E0EEB4E0E744413F85B
:1028B00003EC86F800E013F801CC13F802EC4EEAC2
:1028C0000C2EA6F802E0033304369C42EFD10369D4
:1028D0009847C0B2D3E79020D2E700BFABAAAAAA1C
:1028E00038B51C46042903D0052917D0902038BDDF
:1028F000022A01D0882038BD1A78049B1B88B3EBCC
:10290000420F01D2822038BD61785300049C23809D
:102910008468059B1B68A047C0B238BDD1B2049B38
:102920001B88B3EB410F01D2822038BD4B00049AC3
:1029300013804569059B1B680A462146A847C0B21B
:1029400038BDA8B110B582B0082902D0902002B0DD
:1029500010BD012A01D08820F9E71C4643680DF11B
:102960000701984723689DF807201A70C0B2EEE768
:102970008F207047E8B110B5012903D0052911D087
:10298000902010BD012A01D0882010BD197801299E
:1029900001D98B2010BD0368003118BF0121984771
:1029A000C0B210BD0AB1882010BD83689847C0B27C
:1029B00010BD8F20704700280CBF8F2090207047DB
:1029C00030B583B01E4CA478844232D91D4C54F8E3
:1029D0002000002830D01D46144603292ED8DFE8F9
:1029E00001F00204101C902024E043699847089BE2
:1029F0000193079B0093069B2A46214600F0E0FBCB
:102A000018E083699847089B0193079B0093069BF6
:102A10002A46214600F0BDFA0CE0C3699847089B9E
:102A20000193079B0093069B2A462146FFF785FBEF
:102A300000E08D2003B030BD8D20FBE78F20F9E74B
:102A4000B80040200C11402030B583B0214CA47850
:102A5000844237D9204C54F82000002835D01D4638
:102A60001446032933D8DFE801F01A020A12436939
:102A70009847069B2A46214600F001FB23E0836924
:102A80009847069B2A46214600F049FA1BE0C36995
:102A90009847069B2A462146FFF723FB13E0022AAC
:102AA00001D090200FE0012D01D088200BE00369B8
:102AB0000DF107019847069B1B689DF807201A70C7
:102AC000C0B200E08D2003B030BD8D20FBE78F2029
:102AD000F9E700BFB80040200C11402038B52F4C5A
:102AE000A478844251D92E4C54F8200000284ED0AE
:102AF0001D46144603294CD8DFE801F01A020A12D9
:102B000043699847049B2A46214600F0BBFA38BD2A
:102B100083699847049B2A46214600F019FA38BD7C
:102B2000C3699847049B2A462146FFF7DCFA38BD63
:102B3000042A30D8DFE802F00A032F1B22000DB16F
:102B4000882038BD43689847C0B238BD012D01D0F8
:102B5000882038BD049B1978012901D98A2038BD05
:102B60000368003118BF01219847C0B238BD0DB1CC
:102B7000882038BD83689847C0B238BD0DB1882021
:102B800038BDC3689847C0B238BD8D2038BD8D2090
:102B900038BD8F2038BD902038BD00BFB800402020
:102BA0000C11402010B504460D4B1B7863B10D4B42
:102BB0009B78072B12D8591C0A4A91700A4A42F88E
:102BC00023400123184610BD064800F059FD034676
:102BD0000028F7D00122024B1A70E8E70023F1E742
:102BE0002C114020B80040200C11402030B583B09B
:102BF0001E4CA478844232D91D4C54F82000002881
:102C000030D01D46144603292ED8DFE801F0020417
:102C1000101C902024E0C3689847089B0193079BF1
:102C20000093069B2A462146FFF758FB18E04369AC
:102C30009847089B0193079B0093069B2A462146D1
:102C400000F018FA0CE003699847089B0193079B72
:102C50000093069B2A462146FFF7BBFB00E08D2030
:102C600003B030BD8D20FBE78F20F9E7C80040207E
:102C70003011402070B582B0234CA47884423BD9F7
:102C8000224C54F82000002839D01E4615460C4628
:102C9000032936D8DFE801F01A020A12C368984700
:102CA000069B32462946FFF763FA26E043699847B8
:102CB000069B3246294600F0B7F91EE003699847A3
:102CC000069B32462946FFF746FB16E0022A01D052
:102CD000902012E0012E01D088200EE083680DF1D3
:102CE0000701984730B9069B1B689DF807201A70AA
:102CF000204602E0C0B200E08D2002B070BD8D2001
:102D0000FBE78F20F9E700BFC800402030114020CA
:102D100038B5214CA478844238D9204C54F820008E
:102D2000002835D01D461446032933D8DFE801F0CA
:102D30001A020A12C3689847049B2A462146FFF7E5
:102D400019FA38BD43699847049B2A46214600F08A
:102D500070F938BD03699847049B2A462146FFF75E
:102D6000FCFA38BD0AB1902038BD012D01D0882071
:102D700038BD049B1978012901D98A2038BD036820
:102D8000003118BF01219847C0B238BD8D2038BD31
:102D90008D2038BD8F2038BDC80040203011402024
:102DA00010B504460D4B1B7863B10D4B9B78072B78
:102DB00012D8591C0A4A91700A4A42F8234001234A
:102DC000184610BD064800F05BFC03460028F7D00B
:102DD0000122024B1A70E8E70023F1E7501140206E
:102DE000C80040203011402090207047F8B50529D8
:102DF00056D8DFE801F0241434035549023A92B260
:102E000012F0010F01D08820F8BD99184D78995C17
:102E1000C468520841EA0521A047C0B2F8BD042A9F
:102E200001D08820F8BDDD789A785C781978C3697C
:102E300042EA052241EA04219847C0B2F8BD042ABB
:102E400001D08820F8BDDD789A785C781978036A1B
:102E500042EA052241EA04219847C0B2F8BD062A99
:102E600001D08820F8BD93F805E01F79DE789A78C4
:102E70005D781978446A47EA0E2342EA062241EA5D
:102E80000521A047C0B2F8BD12F0030F01D0882081
:102E9000F8BD4469C2F387021946A047C0B2F8BD25
:102EA0009020F8BD38B51C46042903D005291DD053
:102EB000902038BD042A01D0882038BD5B78227864
:102EC00042EA0322049B1B88B3EB420F01D282200B
:102ED00038BDE578A1785300049C23808468059B65
:102EE0001B6841EA0521A047C0B238BD12F0010FAE
:102EF00001D0882038BD049B1B88510802F4FF7262
:102F0000934201D2822038BDCAB2530004990B808B
:102F10008569059B1B682146A847C0B238BDA8B18A
:102F200010B582B0062902D0902002B010BD012A4F
:102F300001D08820F9E71C4643680DF10701984746
:102F400023689DF807201A70C0B2EEE78F20704703
:102F5000E8B110B5012903D0052911D0902010BD8A
:102F6000012A01D0882010BD1978012901D98B20B0
:102F700010BD0368003118BF01219847C0B210BDD1
:102F80000AB1882010BD83689847C0B210BD8F2059
:102F9000704700280CBF8F2090207047902070470A
:102FA00038B5012903D002290DD0902038BD12F088
:102FB000030F01D0882038BD0468C2F38702194688
:102FC000A047C0B238BD042A01D0882038BDDD78C2
:102FD0009A785C781978836842EA052241EA0421EC
:102FE0009847C0B238BD012901D090207047042A0B
:102FF00001D08820704770B559781A7842EA0122CA
:1030000004990988B1EB420F01D2822070BDDD78AE
:103010009978059B1B685400049E3480446841EAFB
:103020000521A047C0B270BD00280CBF8F209020A2
:103030007047E8B110B5012903D0052911D09020BF
:1030400010BD012A01D0882010BD1978012901D9AD
:103050008B2010BD0368003118BF01219847C0B212
:1030600010BD0AB1882010BD43689847C0B210BD9A
:103070008F20704700280CBF8F2090207047902031
:1030800070470000F8B500AF1C46052900F2938098
:10309000DFE801F0251238039155013A91B211F0A1
:1030A000030F01D0882056E0C5682346C1F387028C
:1030B000615CA847C0B24EE0052A01D088204AE0F2
:1030C0002279E3781B0443EA026362781343A2780F
:1030D000856943EA02222178A847C0B23BE0052A6D
:1030E00001D0882037E02279E3781B0443EA0263A9
:1030F00062781343A278C56943EA02222178A8477F
:10310000C0B228E0092A01D0882024E0227AE3799D
:103110001B0443EA026362791343A6792179E278BA
:10312000120442EA016261780A43A178056A43EA1F
:10313000062342EA01222178A847C0B20BE06D467F
:103140001E4BA3FB02139B0803EB8303D31A9BB212
:103150001BB18820AD46BD46F8BDA3F13333A3FBB8
:103160000232C2F38702D3000833ADEB030D694688
:10317000EAB1661D6B4602F1010C0CEB8C0CA44409
:1031800016F8054C1C7016F801EC16F8024C2404D5
:1031900044EA0E6416F804EC44EA0E0416F803EC54
:1031A00044EA0E245C6005360833B445E8D103696F
:1031B0009847C0B2CEE79020CDE700BFCDCCCCCCB5
:1031C00038B51C46042903D0052917D0902038BDF6
:1031D000022A01D0882038BD1A78049B1B88B3EBE3
:1031E000820F01D2822038BD61789300049C238035
:1031F0008468059B1B68A047C0B238BDD1B2049B50
:103200001B88B3EB810F01D2822038BD8B00049A5A
:1032100013804569059B1B680A462146A847C0B232
:1032200038BD90207047000038B51C46013903298D
:1032300046D8DFE801F002172430032A04D012F048
:10324000010F06D0882038BD036821469847C0B2D8
:1032500038BD023A91B2C56823464A082144A847BE
:10326000C0B238BD032A01D0882038BDA178627869
:10327000436942EA012221789847C0B238BD022A48
:1032800001D0882038BD61782278836942EA012123
:103290009847C0B238BD0B4BA3FB02135B0803EB8E
:1032A0004303D31A9BB20BB1882038BDA3F1553329
:1032B000A3FB02328368520821469847C0B238BD4A
:1032C000902038BDABAAAAAA012901D0902070474E
:1032D00010B51946012A03D0042A11D0882010BD48
:1032E000029B1B88012B01D8822010BD039B1A680A
:1032F0000223029C2380436809789847C0B210BD1E
:103300005B780A7842EA0322029B1B88B3EB420FE8
:1033100001D2822010BD5300029C23800469039BCC
:103320001B680231A047C0B210BD10B40478BCB114
:10333000426813888B420FD000F10803013CE4B2CD
:10334000023400EB8400834205D053F8042B148828
:103350008C42F8D100E0002210465DF8044B704723
:103360000022F9E70378072B06D85A1C027000EBFD
:1033700083004160012070470020704770B582B023
:1033800014461D46FFF7D1FF58B1069A00924668D1
:103390002B46220AC4F3031104F00F00B04702B019
:1033A00070BD8E20FBE770B582B0144679B11D4622
:1033B000FFF7BBFFB8B1069A009286682B46220A37
:1033C000C4F3031104F00F00B04702B070BD114602
:1033D000FFF7ABFF28B1069A1268837813700020BC
:1033E000F3E78E20F1E78E20EFE770B584B00A9CFA
:1033F00099B11E461546FFF798FF48B30294099A03
:103400000192089A0092C46833462A0AC5F3031150
:1034100005F00F00A04704B070BD03785D00099A65
:103420001288AA4201D28820F5E76BB1002300EB95
:10343000830252681188226822F8021B226001333D
:10344000DBB202789A42F2D8099B1D800020E2E7A5
:103450008E20E0E7064B1860062907D9063989B2A5
:10346000044B19800122044B1A7070470021F7E7C2
:103470005C1140205A114020601140202DE9F04F8E
:1034800087B00290674B1B68002B00F0C280664B30
:103490001D881DB9112007B0BDE8F08F4B1E0ED05E
:1034A000064600EBC300406848B906EBC104D9B238
:1034B000013B04D0083C54F8040C0028F7D05B4BC7
:1034C0005A70DDE91034234314BF08230023012977
:1034D0002DD9D122554B1A700591002900F09B80FF
:1034E000029B04930027DFF84CB1DFF83C81049B7A
:1034F0005D68059B03F1FF3A109B119A1343BA458F
:1035000014BF00220122002B08BF0022039202B147
:103510000835002D73D09BF80030002B7DD0029B26
:1035200053F83760414CDFF8FC90019744E0029873
:1035300042681344AB4203D903680BB1002AC8D1D7
:10354000DDE9103423430CBFD322D722374B1A7046
:10355000029803684BB9354A137843F00803137097
:10356000334B024604321A600293029C6368002BBC
:10357000B2D12E4A137843F00803137020680BF081
:10358000BFF9A84228BF28466060042802D0012362
:103590000593A5E70523029A5360F8E70021254A21
:1035A000117078E7D623237001E0D02323702DB368
:1035B0009BF80030002B32D0B8F80030AB4228BF67
:1035C0002B46A380DDE9102331462046D9F8007050
:1035D000B8470028E2D1638801336380A388ED1ADD
:1035E0001E44019B9A45E0D1B8F800309D42DCD8DA
:1035F000039B002BD6D1D2232370D8E7019F01373C
:10360000049B08330493059B9F42FFF470AF002096
:1036100041E711203FE700203DE70A203BE70A2071
:1036200039E700BF5C1140205A114020541140205E
:10363000D80040206011402000B585B00290039171
:10364000DDE90601CDE90001012102A8FFF716FF1F
:1036500005B05DF804FB000010B4054C206005487F
:10366000016005490A60054A13605DF8044B704724
:10367000B0114020C0114020AC114020B4114020B6
:1036800008B501460148FFF76DFE08BD64114020F2
:10369000024B1860003018BF01207047BC11402059
:1036A00030B583B00C4611461A460D285ED00AD9B3
:1036B00020286BD02AD930287AD0802833D02128EE
:1036C0006DD0862033E0032838D00FD8002830D0C2
:1036D0000128F6D1414B1868002871D0069B009351
:1036E00013460A462146FEF7E8FC20E0042831D0C4
:1036F0000528E6D13A4B1868002867D0069B00934E
:1037000013460A462146FEF7EFF910E00E2838D09E
:103710001F28D6D1334B1B68002B5BD01D68069B3E
:103720002046A84703E0069B2046FEF75FF903B05A
:1037300030BD069B2046FEF727F9F8E72A4B1868AC
:1037400000283FD0069B009313460A462146FEF709
:103750002BFCECE7244B1868002835D0069B00931F
:1037600013460A462146FEF75DFCE0E71F4B18684A
:1037700070B3069B009313460A462146FEF774F980
:10378000D5E7069B2046FEF709F9D0E7069B009394
:1037900013460A4621461648FFF7F0FDC7E7069B89
:1037A000009313460A4621461248FFF7E7FDBEE79D
:1037B000114B1B6883B11D68069B2046A847B6E7DE
:1037C0008C20B4E78C20B2E78C20B0E78C20AEE7E9
:1037D0008C20ACE78C20AAE78C20A8E7B011402011
:1037E000C0114020BC114020B4114020AC11402039
:1037F0006411402088114020B811402030B583B0BA
:103800000C4611461A460D285AD022D803283FD01C
:103810000FD8002837D0012876D1434B18680028EC
:1038200074D0069B009313460A462146FEF731FCEE
:1038300027E0042838D0052866D13C4B18680028BA
:103840006AD0069B009313460A462146FEF780F98C
:1038500017E0212847D00CD81F283CD0202853D16E
:10386000069B009313460A4621463148FFF79BFD0D
:1038700007E0302840D0802846D1069B2046FEF73E
:103880009BF803B030BD069B2046FEF773F8F8E7BF
:10389000284B186800283BD0069B009313460A4625
:1038A0002146FEF7C9FBECE7224B1868002831D00F
:1038B000069B009313460A462146FEF7DFFBE0E72E
:1038C0001D4B186850B3069B009313460A462146C9
:1038D000FEF7FBF8D5E7194B1B680BB35D68069B39
:1038E0002046A847CDE7069B009313460A4621468B
:1038F0001348FFF758FDC4E7124B1B6893B15D688E
:10390000069B2046A847BCE78620BAE78C20B8E78C
:103910008C20B6E78C20B4E78C20B2E78C20B0E78F
:103920008C20AEE78C20ACE7B0114020C0114020C5
:1039300064114020B4114020AC114020BC11402043
:1039400088114020B811402030B585B00C46114692
:103950001A46202831D007D9302848D0802814D0E2
:10396000212837D0862018E0052818D01F28F9D143
:10397000274B1B68002B46D00A98019009980090AD
:103980009D68089B2046A84707E00A9B0193099B76
:103990000093089B2046FEF73BF805B030BD1D4B59
:1039A00018680A9B0293099B0193089B0093134696
:1039B0000A462146FEF7F2F8EFE70A9B0293099BBD
:1039C0000193089B009313460A4621461248FFF7CD
:1039D0000CFDE2E70A9B0293099B0193089B00936D
:1039E00013460A4621460D48FFF7FFFCD5E70C4B6E
:1039F0001B6853B10A980190099800909D68089B34
:103A00002046A847C9E78C20C7E78C20C5E700BF40
:103A1000BC114020C011402064114020881140207A
:103A2000B811402008B500F0B5F808BD08B500F0A1
:103A3000CFF808BD70B505460E46054C2288FCF748
:103A4000D7FB20803146284606F07EFC70BD00BFC3
:103A5000C421402010B5084B1B8808481A0A027080
:103A60004370022106F070FC044608B1204610BDE8
:103A700006F065FCFAE700BFC4214020C4114020D5
:103A800070B515461E460D4C20706170A270130A69
:103A9000E3700421204606F057FC4FF6FF72042124
:103AA0002046FCF7A5FB064B188015B9FFF7D2FF9F
:103AB00070BD29463046FFF7BDFFF7E7C41140202F
:103AC000C421402070B584B004460D462E4B1978B1
:103AD00001705A784270D8789A7842EA002262805F
:103AE00058791A7942EA0022A280DA799B7943EA6E
:103AF0000223E380C0290CBF0421082140F6FD7297
:103B0000521A934214DC2E1C18BF0126ABB1A6B189
:103B10001E482860E18803AB00930023C82206F00A
:103B20003FFCE288BDF80C309A4206D0812002E0CA
:103B300006F0EDFB822004B070BD0DF10E03009382
:103B40000023C8220221124806F02AFCBDF80E30DC
:103B5000022B01D08420EEE74FF6FF7208210A48BD
:103B6000FCF746FB0246E18821B11EB12868FCF74C
:103B70003FFB024602210648FCF73AFB002814BF2F
:103B800084200020D7E700BFC4114020CC11402082
:103B9000C121402008B50022064B1A7006F0B2FB86
:103BA0004FF4612006F0AFFB06F0AFFB024B18703C
:103BB00008BD00BFC6214020C721402008B540F6FF
:103BC000FD710248FFF746FC08BD00BF413D4000C3
:103BD000574B1B7803B9704710B58AB00DF1260317
:103BE00000930123C8220821524806F0D9FBBDF8F2
:103BF00026300BB90AB010BD01224F4B1A70FFF7E7
:103C0000DDFF4C4B1878BDF82630072B10D9402823
:103C100014D0C02834D0432857D000231A46852119
:103C2000FFF72EFF06F073FB0022434B1A70E1E70B
:103C300000231A468021FFF723FFDBE70AA90023B0
:103C400041F8103D07A8FFF73DFF014690B9BDF8C8
:103C50002230BDF82020BDF81E109DF81D00069CE6
:103C60000094FFF71DFD00231A4601464020FFF790
:103C700007FFD9E700231A464020FFF701FFD3E7EB
:103C8000002107A8FFF71EFF0146B0B92B4B069392
:103C9000BDF82230BDF82020BDF81E109DF81D0093
:103CA00006AC0094FFF7AAFD014660B9BDF82220DA
:103CB000069BC020FFF7E4FEB6E700231A46C020AB
:103CC000FFF7DEFEB0E70022F2E70AA9002341F881
:103CD000143D07A8FFF7F6FE014610BB174B0693ED
:103CE00040F6F973ADF81230BDF82230BDF820204F
:103CF000BDF81E109DF81D0006AC02940DF11204D3
:103D00000194059C0094FFF71FFE014610B10023AB
:103D1000ADF81230069BBDF812204320FFF7B0FE2D
:103D200082E700231A464320FFF7AAFE7CE700BF84
:103D3000C7214020C4114020C6214020C811402086
:103D400070B582B0CDE900232C4B1B7813B9142039
:103D500002B070BD2A4A1378002BFCD10E460446EF
:103D600003782848037063784370638883701B0A64
:103D7000C370A38803711B0A4371062106F0E4FA9D
:103D80000546E8B94FF6FF7206211E48FCF730FAE7
:103D90001D4B1880237813F0040F19D0A18808391F
:103DA00089B23046FFF746FE044668B908216846E6
:103DB000FFF740FE044688B106F0C1FA2046C7E787
:103DC00006F0BDFA2846C3E706F0B9FA2046BFE779
:103DD000A1883046FFF72EFE044638B9FFF73AFEB9
:103DE000044638B9FFF7F4FE0020B1E706F0A7FA61
:103DF0002046ADE706F0A3FA2046A9E7C7214020F8
:103E0000C6214020C4114020C421402010B582B0FA
:103E100004461821408905F0D5FF1821A08905F036
:103E2000D1FF134B1A68053219460B689A42FCD829
:103E30000DF10701608906F065F80DF10601A08912
:103E400006F060F80821608905F0BCFF0821A08910
:103E500005F0B8FF9DF8073013B1122002B010BD75
:103E60009DF80630002B0CBF12200020F6E700BFA3
:103E7000B83E40202DE9F04383B0064609038CB2DA
:103E8000204604F051FF8146002861D000238DF8C0
:103E900007300821708905F095FF09254FF00208C9
:103EA0003F4C08274146708905F08CFF2268053297
:103EB00023689A42FCD83946708905F083FF22684E
:103EC000053223689A42FCD8013DEBD12821708944
:103ED00005F078FF2821B08905F074FF304B1A688F
:103EE000053219460B689A42FCD80DF1060170891B
:103EF00006F008F89DF80630002B14BF04230023B9
:103F00009DF8072013438DF807300DF10601B089A5
:103F100005F0F8FF9DF80630002B14BF082300239E
:103F20009DF8072013438DF807300821708905F0AC
:103F300049FF0821B08905F045FF9DF80730032BA4
:103F400029D00C2B29D003B3172003B0BDE8F08390
:103F50000021204604F074FF0028F6D1104B1A68A7
:103F6000053219460B689342FCD30DF10701204638
:103F700004F07CFF05460121204604F061FF002883
:103F8000E3D1002D85D02846DFE7B9F1000F14BF3B
:103F900000201220D9E70020D7E71120D5E700BF85
:103FA000B83E402010B50446F9B10621408805F01E
:103FB00009FF00B110BD0621E08805F003FF00B144
:103FC00010BD0621A08805F0FDFE00B110BD07213F
:103FD000208805F0F7FEF8B9104B1A6832321946FE
:103FE0000B689A42FCD8002010BD0721408805F0DC
:103FF000E9FE00B110BD0821A08805F0E3FE00B184
:1040000010BD0821E08805F0DDFE00B110BD0821DB
:10401000208805F0D7FE10BD10BD00BFB83E40207F
:10402000038C01339BB20384D0E90623134307D1E9
:10403000044B1B68C82202FB03F20023C0E90623DD
:10404000704700BFB83E4020002008607047000065
:10405000024B1860024B196000207047CC214020B1
:10406000C8214020F8B5038C9BB2BBB1038C9BB236
:10407000012B02D907234362F8BD0269C3689A4243
:104080000DD00269C3689A420ED2C36802699B1AB6
:10409000B0F85C2093420BD207234362F8BD037D46
:1040A000002BEED00023F3E7026983689B1AEFE749
:1040B000056990F82830002BF0D0044606681C4BA8
:1040C0001B680BB101209847B4F85430C3B106EB1C
:1040D0004506002504EB8503DF8E194633463A4634
:1040E000898E206BFCF7ECFE6062636A002BD5D1F1
:1040F00006EB47060135ADB2B4F85430AB42E9D80F
:10410000B4F85630A28EA4F85620A386E36D01229F
:10411000227522691344A168B3FBF1F201FB12334B
:104120002361034B1B68002BB8D000209847F8BDD3
:1041300070234020032801D9062070476823184ABD
:1041400003FB0023B3F854300BB91520704710B5AA
:10415000682303FB002300221A75DA601A619A8E25
:10416000B3F85830934208D068230D4903FB00137D
:10417000B3F85610A3F8562099866822084B02FB24
:10418000003300241C845C6200200021C3E9060186
:10419000012183F82810D86A05F0A0FF204610BD41
:1041A000D0214020032801D90620704710B568238C
:1041B000094C03FB00440021E06A05F08FFF002357
:1041C00084F82830054B1B681BB10020984700205D
:1041D00010BD002010BD00BFD02140207023402022
:1041E000032801D9062070472DE9F84304461646F6
:1041F0001D46FFF7D7FF68234B4A03FB0423002229
:10420000A3F8542015F0030F40F08780002E00F033
:104210008480AF08043D73195B88DBB96823424A88
:1042200003FB0423725B0132A3F86020013FBFB29D
:1042300068223D4B02FB043233889B0043F00303AA
:10424000A2F85630738803B90436082F0AD9022021
:10425000BDE8F8836823344A03FB04230122A3F852
:104260006020E5E74FF0680808FB04F5DFF8B89038
:1042700005F13400BA00314648440AF0DDF808FB85
:1042800004980023C8F85C303FB34346B8F83420A4
:10429000B8F83610002943D07D1EAEB21A2505FBB2
:1042A000046509EB85050020920042F003029A861E
:1042B0000844AB420CD01A8F0433D98E0029F3D1B5
:1042C0006823194A03FB0424E0650320BDE8F88352
:1042D0006823154A03FB0423D8656823124A03FBAD
:1042E00004239A8EA3F858205A68B3F86000D96D59
:1042F00001FB00F1B2FBF1F001FB1021521A9A60B0
:1043000012B90720BDE8F8836822074B02FB04348A
:10431000A4F854700020BDE8F8830220BDE8F883BB
:104320000320BDE8F88300BFD02140204D4B1B681F
:10433000002B00F096802DE9F04F83B04A4E002408
:104340003546DFF828A123E0B0463046FFF78AFE65
:10435000682303FB04531A69DB689A423AD0682346
:1043600003FB04531A69DB689A423BD9682202FBBB
:1043700004521369D2689B1AB8F86020D8F85C70B0
:1043800007FB02F79F4235D901346836042C65D00B
:10439000682303FB045393F82830002BF4D06823E0
:1043A00003FB04535B6A002BCED0E7B23846FFF71D
:1043B000F9FE682303FB04535A6AD3E90601CDE9E9
:1043C0000001284BD3F800803B460021DAF80000BA
:1043D000C047D9E7682303FB04531B7D002BBED1E4
:1043E0000023C9E7682303FB0453DA68D8F80830D0
:1043F0009B1AC1E74FF0680909FB0459B9F820304E
:10440000013B9BB2A9F82030D9F80C00D8F8001075
:10441000D9E906234FF0000B4FF0000CC9E906BCA8
:10442000CDE900230F4BD3F800B0E3B27A0001EBE3
:104430004001DAF80000D847D9F80C301F44D8F80A
:104440000820B7FBF2F302FB1377C9F80C700023C6
:1044500089F814304046FFF705FE95E703B0BDE844
:10446000F08F7047CC214020D0214020C82140202F
:1044700070B504460D461646032812D8682303FB80
:1044800004F30D4AD55085B168230B4A03FB04237E
:104490005E606822084B02FB04340023A4F8543009
:1044A00070BD0420FBF790FEE8E7682303FB0423BC
:1044B00000225A60EDE700BFD021402070B50446CD
:1044C0000E46154603280BD86823094A03FB04222D
:1044D0001663D5620749284605F068FD20B970BD0E
:1044E0000420FBF771FEEFE70420FBF76DFEF6E713
:1044F000D021402021404000014B1860704700BF90
:104500007023402008B5836B0122027502691344B1
:104510008168B3FBF1F201FB12330361024B1B68AC
:104520000BB10020984708BDC82340200020086038
:1045300070470000024B1860024B19600020704762
:10454000782340207423402090F82830002B5AD044
:1045500030B587B00D46044690F832308DF81730EC
:1045600090F84020DAB101230DF11702194690F8B6
:10457000300005F0EBF86062636A73B9A28E94F8BC
:104580003130082B2DD00C2B35D00020FBF71CFE32
:104590001D4B1B680BB10120984707B030BDFF22AF
:1045A0008DF80C205B008DF80D3000238DF80E3057
:1045B0008DF80F3090F830000123009304AB03AA6C
:1045C000042105F02FF96062636A002BE5D19DF8A4
:1045D000103003F00803002B14BF0723002363628D
:1045E000CAE794F830000094084B294604F014FF01
:1045F0000028CDD0C9E794F830000094034B294639
:1046000004F070FFF4E77047C823402005454000E0
:1046100008B1062070470D4BDB8E0BB91520704793
:1046200010B50A4B00241C75DC601C6100200021C1
:10463000C3E90601DC871C845C62012183F8281031
:10464000D86A05F04BFD204610BD00BF80234020F6
:1046500008B10620704710B5084C0021E06A05F04B
:104660003DFD002384F82830054B1B681BB100205A
:104670009847002010BD002010BD00BF80234020BF
:10468000C823402008B106207047F8B51C461646DE
:104690000D46FFF7DDFF394B002283F83020DA8624
:1046A00014F0030F66D1002E64D0A708231FF21860
:1046B00052884AB9F35A0133304A9387013FBFB257
:1046C000012F05D90220F8BD01222C4B9A87F7E76C
:1046D0002A4CBA00314604F1320009F0ADFEA38E37
:1046E0000BB90320F8BD13F0010F01D00320F8BD72
:1046F0002A78042A2ED007D8022A3DD11F4A92F8E0
:10470000402002B31020F8BD102A01D0FF2A33D177
:1047100003EB4303022293FBF2F3184A938608212A
:1047200082F831109BB29363144A5368908F916B57
:1047300001FB00F1B3FBF1F001FB10315B1A936058
:10474000ABB90720F8BD0D4A0C2182F831105B008F
:104750009363E9E7094A928F012A01D00320F8BD4B
:10476000064A002182F83110DB009363DCE7D7862C
:104770000020F8BD0220F8BD0320F8BD80234020B2
:1047800070B582B0044690F83130002B41D1C38F10
:104790005A1EC287002B5DD13A4B1A68C82303FB0F
:1047A00002F3009300230193838E5A1E82868BB1FD
:1047B000638EE3872269E3689A4210D02269E36836
:1047C0009A4210D2E36822699B1A072B0FD807235D
:1047D00063623FE00021C06A05F080FCE8E7237DCA
:1047E000002BF4D1EAE72269A3689B1AEDE722695E
:1047F0002568AE186B4603CBA85071600123237562
:1048000023690833A168B3FBF1F201FB1233236182
:1048100020E0D0E90623134307D11A4B1B68C822B6
:1048200002FB03F20023C0E90623238C9BB29BB951
:104830002269E3689A4214D02269E3689A4215D249
:10484000E36822699B1A228F9A4213D9238C013381
:104850009BB2238402B070BD238C01339BB22384AE
:10486000F8E7237D002BE7D00023ECE72269A3685B
:104870009B1AE8E72369216819442046FFF764FE84
:10488000E8E700BFB83E40202DE9F04383B0354B48
:104890001D68DDB1344B93F82830BBB1324B5B6AF5
:1048A000BBB9314B1A69DB689A4223D02E4B1A6987
:1048B000DB689A4224D92C4A1369D2689B1A2A4A87
:1048C000918F946B04FB01F49C421ED903B0BDE8A8
:1048D000F0830020FFF7BCFE234B5A6AD3E906455C
:1048E000224B1868CDE900451E4B1C680023194671
:1048F000A047EBE71C4B1B7D002BD7D10023DEE745
:10490000194AD16893685B1AD9E71646D7681168C7
:10491000D2E906234FF000084FF00009C6E90689E6
:1049200012480068CDE90023002322463944A847F5
:10493000F3681C44B268B4FBF2F302FB1344F46066
:1049400000233375338C9BB2002BBFD033693168A1
:1049500019443046FFF7F8FD338C013B9BB233849A
:10496000B4E700BF782340208023402074234020F8
:1049700070B50E461546044698B904EBC4030D4ABB
:1049800042F833608EB104EBC4030A4A02EBC3035E
:104990005D6004EBC404074B03EBC4040023E3860F
:1049A00070BD0420FBF710FCE7E702EBC303002215
:1049B0005A60EEE78023402070B50D461646044647
:1049C00088B90D4AE000031902EBC303DD62031945
:1049D00002EBC30383F840601A460849284605F0F5
:1049E000E5FA20B970BD0420FBF7EEFBE9E70420EF
:1049F000FBF7EAFBF6E700BF802340208147400039
:104A0000014B1860704700BFC823402008B1062042
:104A100070470A4BB3F840300BB91520704730B4DB
:104A2000064B1875D860186100240025C3E90645B7
:104A30001862012283F8242030BC7047D82340201C
:104A400008B10620704708B50022064B83F82420E1
:104A5000054B1B681BB110469847002008BD00207D
:104A600008BD00BFD8234020282440200020086033
:104A700070470000024B1860024B1960002070471D
:104A8000D0234020CC23402008B10620704770B5C9
:104A90001C461546FFF7D4FF0022324BA3F84020F6
:104AA00014F0030F57D1002D55D0A608231FEA1884
:104AB000528852B9EB5A01332A4AA2F84830013ED3
:104AC000B6B2042E06D9022070BD0122254BA3F8F0
:104AD0004820F6E7234CB200294604F1300009F0E3
:104AE000ABFC0023636416B3218E628E002A34D09F
:104AF000FF2901D1012A32D11A4B741EA4B203EB53
:104B0000840400211144A3420FD0988EDA8E42B162
:104B10000433FF28F6D1012AF4D0124B5964032044
:104B200070BD104B5964032070BD0E4B59640D4A83
:104B30005368B2F84800516C01FB00F1B3FBF1F08F
:104B400001FB10315B1A93600BB9072070BDA2F80E
:104B50004060002070BD022070BD032070BD0320A6
:104B600070BD00BFD8234020D0E90623134307D1EE
:104B70003A4B1B68C82202FB03F20023C0E906235C
:104B80000269C3689A420DD00269C3689A420ED284
:104B9000C36802699B1AB0F844209A420BD90723D4
:104BA00003627047037D002BEED00023F3E7026918
:104BB00083689B1AEFE72DE9F04182B0056990F810
:104BC0002430002B47D004460668254B1B680BB1E8
:104BD00001209847B4F840306BB306EB450600253A
:104BE0004FF0FF0811E001A9E06AFCF775FB2062B5
:104BF0009DF804303380236A6BBB06EB4706013512
:104C0000ADB2B4F84030AB4215D905F10C0334F81D
:104C1000233004EB8502578EFF2BE4D08DF80480FF
:104C20005B008DF8053033463A4601A9A06AFCF7CF
:104C300058FC2062DFE7636C01222275226913446D
:104C4000A168B3FBF1F201FB12332361044B1B6833
:104C50000BB10020984702B0BDE8F081B83E40207B
:104C6000282440202DE9F04383B02F4B1D68E5B187
:104C70002E4B93F82430C3B12C4B1B6AC3B92B4B7A
:104C80001A69DB689A4224D0284B1A69DB689A4279
:104C900025D9264A1369D2689B1A244AB2F84810CB
:104CA000546C04FB01F49C421ED903B0BDE8F083B0
:104CB0000020FFF7C5FE1D4B1A6AD3E906451C4BC1
:104CC0001868CDE90045184B1C6800231946A04719
:104CD000EBE7164B1B7D002BD6D10023DDE7134AF3
:104CE000D16893685B1AD8E71646D7681168D2E98D
:104CF00006234FF000084FF00009C6E906890C486A
:104D00000068CDE900230023620001EB4701A847BA
:104D1000F3681C44B268B4FBF2F302FB1344F46082
:104D200000233375C1E700BFD0234020D8234020A3
:104D3000CC23402070B50E4615460446A0B904EBBE
:104D400084031B010E4AD65096B104EB84030C4A2F
:104D500002EB03135D6004EB8404094B03EB0414C2
:104D60000023A4F8403070BD0420FBF72DFAE6E7DD
:104D700004EB840302EB031300225A60EBE700BF4D
:104D8000D823402070B50D461646044678B90A4A25
:104D9000A000031902EB0313DE62031902EB0313F5
:104DA0009D621A4605492846FCF7E0FB70BD0420C9
:104DB000FBF70AFAEBE700BFD8234020694B40001D
:104DC000014B1860704700BF282440200020086075
:104DD00070470000024B1860024B196000207047BA
:104DE000302440202C24402090F828303BB370B56C
:104DF00084B00D460446124B1B680BB10120984746
:104E0000238E1A0AADF80C201B02ADF80E30668E08
:104E1000012303AA022194F8290004F00FFE606226
:104E2000636A13B1636A04B070BD94F829000094FA
:104E3000044B3246294604F0ABFB6062F2E7704750
:104E400038254020E54F400008B5D0E9062313433C
:104E500007D1194B1B68C82202FB03F20023C0E9EB
:104E60000623038C9BB293B90269C3689A4213D09C
:104E70000269C3689A4214D2C36802699B1A028FFE
:104E80009A4212D9038C01339BB2038408BD038C70
:104E900001339BB2038408BD037D002BE8D00023BF
:104EA000EDE7026983689B1AE9E70169036803EB90
:104EB0004101FFF799FF08BDB83E4020032801D902
:104EC000062070470E4B03EB80139B8E0BB9152009
:104ED000704710B50A4B03EB801000240475C460C2
:104EE00004610484446200220023C0E906230121F6
:104EF00080F82810C06A05F0F1F8204610BD00BF08
:104F000038244020032801D90620704710B5094CE9
:104F100004EB80140021E06A05F0E0F8002384F837
:104F20002830054B1B681BB100209847002010BD9E
:104F3000002010BD3824402038254020032801D906
:104F400006207047F8B51E4615460446FFF7DAFFFF
:104F5000234B03EB841300229A8616F0030F3CD1F7
:104F6000002D3AD0B708331FEA1852885AB91C4AA4
:104F700002EB8412EB5A01339387013FBFB2012F3A
:104F800007D90220F8BD164B03EB841301229A8740
:104F9000F5E7134E06EB8410BA002946303009F0CD
:104FA0004BFA06EB8416738E0BB90320F8BDB3637E
:104FB000B28F03FB02F3B3F5804F01D30320F8BD9A
:104FC0007268B2FBF3F003FB1023D21AB2600AB985
:104FD0000720F8BDB7860020F8BD0220F8BD00BF4D
:104FE0003824402030B585B0044690F8295003237A
:104FF000ADF80C300023ADF80E30012303AA0221D6
:10500000284604F01BFD034648B16362636AF3B1AE
:10501000344B1B680BB10020984705B030BD00230E
:1050200002AA0221284604F012FD03460028ECD112
:10503000029B4FEA334313F4803F01D00723E4E798
:1050400003F40043002B14BF0B230023DDE7A26B06
:105050000123237521690A44A068B2FBF0F100FB2B
:105060001122226194F829500322ADF80C204FF44C
:105070008062ADF80E2003AA0221284604F0DEFC6F
:10508000034608B16362C3E7002301AA0221284650
:1050900004F0DDFC03460028F4D1019B4FEA3343C2
:1050A000019343F0800348F20302ADF808204FF467
:1050B0008062ADF80A201A0CADF80C20ADF80E3065
:1050C000012302AA0221284604F0B8FC0346002866
:1050D000D8D1002303AA0221284604F0AFFC0346DE
:1050E000D0E700BF38254020484B1B68002B00F05C
:1050F0008C802DE9F04F83B0454D00242F46DFF81A
:10510000149128E0E6B23046FFF7FCFE07EB84136B
:105110005A6AD3E90601CDE900013C4BD3F800807F
:1051200033460021D9F80000C04710E007EB841394
:105130001B7D0BBB002304E007EB8413DA68AB682C
:105140009B1AAA8FAE6B06FB02F69E4220D9013451
:105150004035042C56D007EB841393F82830002BED
:10516000F5D007EB84135B6A002BCBD107EB8413DC
:105170001A69DB689A42D9D007EB84131A69DB6895
:105180009A42D9D907EB84121369D2689B1AD8E7DF
:1051900007EB841ADAF80C002968DAE906234FF0E5
:1051A000000B4FF0000CCAE906BCCDE90023174BF9
:1051B000D3F800B0E3B2720001EB4001D9F800006F
:1051C000D847DAF80C301E44AA68B6FBF2F302FBAB
:1051D0001366CAF80C6000238AF81430BAF820303D
:1051E0009BB2002BB3D0DAF810102B6803EB41010F
:1051F0002846FFF7F9FDBAF82030013B9BB2AAF828
:105200002030A4E703B0BDE8F08F70473024402081
:10521000382440202C24402070B504460D46164604
:1052200003280DD8A3010B4AD5506DB1094B03EBF0
:1052300084135E60074B03EB84140023A38670BDC8
:105240000420FAF7C1FFEDE702EB841300225A6055
:10525000F0E700BF3824402070B505460E461446DE
:1052600003280BD8094A02EB851282F82960D46220
:105270000749204604F09AFE20B970BD0420FAF7D1
:10528000A3FFEFE70420FAF79FFFF6E7382440205A
:10529000494E4000014B1860704700BF3825402040
:1052A000A8B110B504468378002B14BF0321042154
:1052B000008804F087FD032800D010BDA378002BE0
:1052C00014BF07210621208804F07CFD10BD0020BA
:1052D000704740B108B58378591A18BF012100887A
:1052E00004F0EAFD08BD00207047000008B56428FE
:1052F00018D007DD66281AD00DDA0221114800F017
:1053000049F808BD012817D0022806D104210E480B
:1053100000F040F808BD67280ED004210B4800F0CB
:1053200039F808BD02210A4800F034F808BD02210E
:10533000084800F02FF808BD0421074800F02AF8BB
:1053400008BD00BF584241001842410038424100A8
:1053500048424100504241002842410008B501281E
:1053600008D002280BD000B108BD0221064800F089
:1053700011F808BD0121054800F00CF808BD012115
:10538000034800F007F8EFE7644241006042410043
:105390006C424100F8B50446154E3060154B19704B
:1053A000154F00233B600178144DC91A18BF012125
:1053B0002846FFF78EFF6178003118BF0121281DB4
:1053C000FFF787FFA178003118BF012105F1080020
:1053D000FFF77FFF0A4B19683B68326802EB8302D4
:1053E000D378642202FB0313064A1360F8BD00BFA2
:1053F00044254020402540203C254020A845410030
:10540000B83E40204825402010B5064C2046FFF706
:1054100047FF201DFFF744FF04F10800FFF740FF9E
:1054200010BD00BFA8454100F8B52A4B1A68002AF4
:105430004FD0294B1B68294909685B1A002B48DBB0
:10544000274D2B68591C274B1878B1FBF0F300FB54
:1054500013132B6002EB830612F82310224C003149
:1054600018BF01212046FFF734FF7178003118BFC3
:105470000121201DFFF72DFFB178003118BF012158
:1054800004F10800FFF725FF144C2A68114B1B6834
:1054900003EB8203DA78642303FB02F31E46002742
:1054A0005801D90EC01A61EB07018B0043EA9073D3
:1054B0008200901943EB0701CB0043EA5073C2000E
:1054C00010461946C822002308F0A4FD236818449A
:1054D0002060F8BD44254020B83E402048254020AB
:1054E0003C25402040254020A845410008B501F05A
:1054F00031FA002001F04AFA01F052FA08BD00002A
:1055000008B5104803F074F83E21002001F0E0F9DE
:1055100001F008FA0028FBD001F00CFA0A4A0B4B04
:105520009A6201F00FFA0028FBD0022001F082F904
:10553000002001F09BF902F0D5FF024803F058F873
:1055400008BD00BF80D1F008013F182000060E40C2
:10555000104B1B681A6853881A4403781844904209
:1055600011D24378042B10D08B4209D00378184411
:10557000904206D24378042B09D08B42F6D107E043
:1055800070470020704700207047002070470020BF
:10559000704700BF5825402008B5034B987800F0AD
:1055A0007F0002F0F5FB08BD80314520194B1B78C8
:1055B0004BB3194B1B681B681A79824225D970B40A
:1055C000164A13605C881C44A34220D200250126A1
:1055D00007E0124A13600FE01A7813443546A342DD
:1055E0000CD25A78042AF7D19A788242F4D1DA7828
:1055F0008A42F1D1002DECD1012002E0074A13606C
:10560000002070BC704700207047002070470020C9
:10561000F7E700BF54254020582540205C25402056
:10562000F8B504460021FFF7C1FF064608B9304629
:10563000F8BD0F4B1B685B6853F82470FB689847F4
:1056400001462046FFF7B2FF06460028EFD0094B7F
:105650001C68052529462046FFF77AFF044618B145
:10566000807802F0C7FBF5E77B689847DFE700BF6B
:10567000582540205C25402070B50646FFF796FF70
:105680000346C8B10D4B1C68052529462046FFF787
:105690005FFF044640B18288C178807802F056FDF1
:1056A00003460028F1D107E0054B1B685B6853F8FF
:1056B00026301B6898470346184670BD5C2540207D
:1056C0005825402008B502F0BBFA08BD38B50D4B8F
:1056D0001B7883B10C4B1B681B681B795BB10024E2
:1056E000094D2046FFF79CFF0134E4B22B681B688C
:1056F0001B79A342F5D80023024A1370034A138092
:1057000038BD00BF54254020582540204C2540205E
:1057100038B50D4B1B78B3B10C4B1B681A68127966
:105720008AB10024094D06E00134E4B22B681A68FE
:105730001279A24207D95B6853F824301B69002B09
:10574000F2D09847F0E738BD542540205825402036
:1057500070B5A44B00229A811A615A611B7813F02C
:10576000800F14D113F0600F00F01C819D4B1B784B
:1057700003F01F03012B00F004829A4B1B7803F007
:105780001F03022B00F05E820023184670BD954A6D
:10579000D288002A00F0948213F0600FE6D113F053
:1057A0001F0307D18F494978062916D0082900F030
:1057B000BA8059B1012B00F0BE80022BD6D1894BA3
:1057C0005B78002B00F0E0800023CCE1022AD4D1EA
:1057D0000221854802F008FB01E1824B5A88D4B2CD
:1057E000130A013B0E2B00F20D82DFE813F00F00CD
:1057F0001E0079000B020B023F004D000B020B0252
:105800000B020B020B020B020B02700002F0B6FA45
:1058100028B9764B9868017802F0E6FA2BE0734BD2
:105820001868017802F0E0FA25E002F0A7FA80B1EA
:105830006E4B9B685B7CA34298D96C4B1B6953F8F9
:105840003400418802F0D0FA664B9B6802225A70FD
:1058500011E0664B1B685B7CA34287D9634B5B6896
:1058600053F83400418802F0BFFAEDE75F4BD86887
:10587000017802F0B9FA5B4BDA889B89934240F2D7
:10588000AE80584B9A81AAE002F078FA88B9574B5B
:105890009B685B7CA3427FF669AF544B1B6953F84E
:1058A0003400418802F0A0FA4E4B9B6807225A70E0
:1058B000E1E74E4B1B685B7CA3427FF657AF4B4B37
:1058C0005B6853F83400418802F08EFAECE7474BEE
:1058D000586900283FF451AF418802F085FACAE7C1
:1058E000D2B2012A1CD0B2B1022A7FF43FAF4049A4
:1058F000072201393F48002311F8014F20F8024BDD
:105900000133DBB29342F7D35200911C3A48017045
:1059100002F06AFAAFE70421384802F065FAAAE714
:1059200037490822E5E7012A7FF427AF01213548EE
:1059300002F05AFA53E02B4949780A297FF43DAF27
:10594000012A40F01E812F4B1B78002B00F019819B
:10595000244B1C792C4B1D682B681B79A34240F209
:10596000108100212046FFF721FE00283FF4FEAE03
:105970006B6853F82430DB689847244B187001217A
:10598000184602F031FA2AE0022A7FF4F6AE154BEF
:10599000187902F05BFA1E4B18800221184602F0BB
:1059A00023FA1CE013F01F0340F0D1800D4A527817
:1059B000013A082A00F2CB80DFE812F02E00C9007D
:1059C0003E00C9000900C900C900C9006F00054BAD
:1059D000DB88002B7FF4D1AE0E4A024B1A61012303
:1059E000D3E600BF803145204C25402000024020F6
:1059F000F8014020D6014020D4014020E801402099
:105A0000EC014020542540205825402050254020BE
:105A10004E254020995540009E4BDB88002B7FF49B
:105A2000ACAE9C4B5B88012B7FF4A7AE9A4A1388DF
:105A300023F002031380D2E7964BDB88002B7FF420
:105A40009CAE944B5B88022B40F0DE8002F096F90E
:105A500000283FF48BAE8F4B1B79002B7FF486AE72
:105A6000FFF734FE8B4B9B881B0A013B032B00F294
:105A7000CD80DFE803F002060A0E884A854B1A61E2
:105A8000ADE7874A834B1A61A9E7864A814B1A61C1
:105A9000A5E7854A7F4B1A61A1E77E4BDB88002B87
:105AA0007FF46BAE02F088F900283FF45FAE02F09D
:105AB00065F9002837D0774B9A787C4B9B685B7CE4
:105AC0009A423FF753AEFFF701FE724B9B78784A3C
:105AD0001370002B83D002F051F900282BD0744BA7
:105AE0001B786FF060421A44704B1B6903EBC203D2
:105AF000704A13606F4B1B681B681B79002B3FF4C7
:105B00006EAF002425466B4E29462046FFF7B4FDB4
:105B100000283FF42BAE0134E4B233681B681B79D4
:105B2000A342F1D85BE75B4B9A78604B1B685B7CC8
:105B30009A42C8DD1AE65E4B1B786FF060421A4449
:105B40005A4B5B6803EBC2035A4A1360D2E7012B3E
:105B50000DD0022B7FF40AAE4E4B5B78012B2ED07A
:105B6000032B3CD00023002B7FF40FAEFEE5494A07
:105B700052780B2AEDD1474BDB8813B94C4B1B787D
:105B800073B94B4B1B78002B00F09C80414B1C7968
:105B9000484B1D682B681B79A34239D80023F4E5D4
:105BA0003C4B1C795D882046FFF73AFD00283FF406
:105BB000DDADE9B22046FFF75FFD0346D3E7354B85
:105BC000DB88002B7FF4D9AD324B5B88002B7FF450
:105BD000D4AD304B187902F0C7F90346C3E72D4B1B
:105BE000DB88002B7FF4C9AD2A4B5B88002B7FF448
:105BF000C4AD284C207902F0A3FB207902F030F9E3
:105C00000346B0E70023AEE70023ACE70023AAE792
:105C100000212046FFF7CAFC00283FF4AEAD6B68B8
:105C200053F82450EB68984701462046FFF7BEFC26
:105C300000283FF4A2ADAB689847034600287FF4E4
:105C4000A4AD9AE51A4B1B78002B35D0194B1A6876
:105C500013681B79002B31D00024164E536853F87B
:105C60002450EB68984701462046FFF79FFC034607
:105C700000283FF48AADAB689847034600287FF4BC
:105C800084AD0134E4B2326811680979A142E5D8E3
:105C90007BE500BF803145204C254020C583400076
:105CA000E1834000FD834000118440000002402059
:105CB0005425402058254020002366E5002364E554
:105CC000002362E5002360E50E4900230B700E4AB5
:105CD00013800E4AA12010702020507053809380B2
:105CE0000220D08013810A4A4FF4E1301060137112
:105CF0005371082393710B780133DBB20B700120D1
:105D0000704700BF6F25402088294020A03D4020DB
:105D100068254020024A1378013BDBB213707047BC
:105D20006F254020044A1378013BDBB213701378CF
:105D30000022024B1A7070477025402062254020D7
:105D400000207047002070471D4B1B7813F0800F18
:105D500005D103F06003202B18D00020704703F01A
:105D60006003202B01D000207047154B5B78212B5E
:105D700024D1134BDB88072B01D000207047104B38
:105D8000104A9A6007229A81012070470C4B58787C
:105D9000202804D0222814BF002001207047084B7F
:105DA000DB88072B01D000207047054B064A1A619B
:105DB000044A9A6007229A810120704700207047A8
:105DC0008031452068254020CD5D400070470000AF
:105DD0004F4B1B7803B1704770B584B001F0CEFF14
:105DE00000282ED04B4B1C8801F0F6FF844200F0B7
:105DF0008C80494A536803F0040303930423C2F8D8
:105E00008430BFF34F8FBFF36F8FBFF35F8F039D5E
:105E1000424B1C78E4B2424B33F81430002B32D1A1
:105E2000404B1B78A3B100223E4B1A703E4B1B78AF
:105E30004BB3002D69D0BFF35F8F0422364B5A60FD
:105E400063E0344B1C8801F0BFFF8442D1D15CE099
:105E5000364A13880133138001F090FF18B9334B91
:105E60001B88632B07D901F089FF60B12F4B1B887A
:105E7000B3F5487F07D2002D47D0BFF35F8F0422D0
:105E8000254B5A6041E00022284B1A80284B1B7892
:105E90000BBBB4FA84F35B09204A137001221C4B3C
:105EA0001A7025B1BFF35F8F04221B4B5A60264640
:105EB0001B4B33F81430B3F5206F14BF01250025B8
:105EC000194B1D7010D001F059FF40B101F084FF53
:105ED000104B18800BE0B4FA84F46409DEE701F09B
:105EE00073FF0C4B188002E000220A4B1A800C4B07
:105EF00033F8163004EB84040E4A00920E4A02EB8B
:105F000044222946812002F09DF804B070BD00BFF4
:105F10009C3D4020983D402000E100E0943D402021
:105F2000903D402064254020842940206025402069
:105F30008C2940203D5F40009029402000B17047EF
:105F400008B5074B1B78B3FA83F35B09054A22F8BF
:105F50001300054B1870054B1870FFF739FF08BD8B
:105F6000943D4020903D40208C2940209C3D402085
:105F700008B50020FFF72CFF08BD000082B0114AD1
:105F8000536803F0040301930423C2F88430BFF381
:105F90004F8FBFF36F8FBFF35F8F01990A4B188844
:105FA00083B20A4A1278D2B2094830F8120080B29D
:105FB000C01A21B1BFF35F8F0422024B5A6002B0B6
:105FC000704700BF00E100E07C2940207829402094
:105FD0007429402008B5FFF7D1FF003018BF012019
:105FE00008BD000010B584B0244A536803F00403D0
:105FF00003930423C2F88430BFF34F8FBFF36F8F36
:10600000BFF35F8F039B1E4A14781E4A12784AB969
:10601000E4B21D4A118889B21C4A32F8142092B2A7
:10602000914208D23BB3BFF35F8F0422134B5A60F7
:10603000002004B010BD0021134A1180B4FA84F28C
:1060400052090F490A7001210E4A117023B1BFF3A2
:106050005F8F0422094B5A600020FFF7BBFF0C4BF7
:1060600000934FF400730B4A02EB442201210220FB
:1060700001F0E8FFDDE70020DBE700BF00E100E022
:1060800078294020802940207C2940207429402004
:10609000356140007425402010B50024184B1C7059
:1060A000184B1C70184B1C70184B1C70184B1C8024
:1060B0005C80184B1C80184B1C70184B1C702046C1
:1060C000FFF786FE164B1C70164B1C70164B1C807F
:1060D0005C80164B1C802046FFF784FF014640B1D0
:1060E000074A13780133DBB213701378DBB2012B4C
:1060F00001D0084610BD01220D4B1A70F9E700BF10
:10610000702540209C3D40208C294020943D40201B
:10611000903D4020983D4020642540208429402027
:106120008029402078294020742940207C29402063
:1061300062254020F0B910B582B010460E4B1C7895
:10614000B4FA84F4640951B189B20C4B23F81410E9
:1061500000200B4B1870FFF745FF02B010BD094B34
:1061600000934FF40073084A02EB4422012101F02E
:1061700069FFF2E7704700BF78294020742940206A
:1061800080294020356140007425402008B500205A
:10619000FFF720FF08BD00002DE9F04383B0244B3A
:1061A0009F79092F14BF002701274FF00009214CC8
:1061B0004FF004084646204D04E08B4225D31F4B88
:1061C0001B78E3B1636803F004030193C4F88460AF
:1061D000BFF34F8FBFF36F8FBFF35F8F01982B8893
:1061E0009BB2174A1278D2B2164931F8121089B20E
:1061F0000028E2D0BFF35F8FC4F80480DDE74FF0E2
:106200000009484603B0BDE8F0830F4901EB422284
:10621000D25C42EA090901339BB22B800020FFF7D0
:10622000E1FE002FEDD04FEA09290027CAE700BFA1
:106230006825402000E100E07C29402062254020C4
:1062400078294020742940207425402008B500207A
:10625000FFF7A2FF08BD000070B582B0294B1B7884
:10626000002B4AD0284A536803F004030193042307
:10627000C2F88430BFF34F8FBFF36F8FBFF35F8FD0
:10628000019D224B1B889BB2214A1278D2B2214C2D
:1062900034F81240A4B2E41A25B1BFF35F8F04268C
:1062A000194D6E60A14228BF21460D4631B303EB64
:1062B00042230A461849194408F0BEF8124A5368A6
:1062C00003F0040300930423C2F88430BFF34F8F1C
:1062D000BFF36F8FBFF35F8F009A0C4B198815FACD
:1062E00081F189B2198022B1BFF35F8F0422064B7E
:1062F0005A600020FFF776FE00E00024204602B03E
:1063000070BD00BF6225402000E100E07C294020F4
:1063100078294020742940207425402082B01A4AF0
:10632000536803F0040301930423C2F88430BFF3DD
:106330004F8FBFF36F8FBFF35F8F019A134B1B78A3
:10634000DBB2134931F81300B0F5206F09D0C0F566
:10635000206022B1BFF35F8F04220B4B5A6002B062
:1063600070470C4909780029F1D10B4909780029B7
:10637000EDD1012008490870B3FA83F35B090349A2
:106380000B700020E3E700BF00E100E0943D4020F7
:10639000903D40209C3D40208C29402008B50020A5
:1063A000FFF7BCFF08BD08B5FFF7B8FF003018BF06
:1063B000012008BD08B50020FFF7F5FF08BD00006B
:1063C0002DE9F04F83B01746244B9B79092B08BF6A
:1063D00057008846DFF89490DFF894A031E0D9F8B0
:1063E000043003F0040301930423C9F88430BFF39D
:1063F0004F8FBFF36F8FBFF35F8FDDF804B0184B83
:106400001D78EDB23AF81560C6F52064BC4228BF8D
:106410003C4605EB850306EB4323224641461148E3
:10642000184408F009F826442AF81560BBF1000F5B
:1064300004D0BFF35F8F0423C9F80430A0443F1B8E
:1064400008D00020FFF7AFFF0028C8D1064B1B780B
:10645000002BF6D1384603B0BDE8F08F6825402008
:10646000943D4020902940206225402000E100E03A
:10647000903D402008B50A4601460020FFF7A0FFE6
:1064800008BD00000122014B1A70704764254020AE
:106490000B4B1B682BB9EFF310833BB10022094B68
:1064A0001A70074A136801331360704772B6BFF35E
:1064B0005F8F0022044B1A700122024B1A70F0E722
:1064C000AC3D4020B03D402000034020074B1A68FF
:1064D000013A1A601B6843B9054B1B782BB10122A6
:1064E000044B1A70BFF35F8F62B67047AC3D40201B
:1064F000B03D4020000340200138022815D82DE986
:10650000F0410E4614469AB10D46DFF838800C4F24
:10651000D8F8000015F8011B3B68984700280ADBF3
:10652000A81B013CF4D1BDE8F0814FF0FF3070476B
:106530001046BDE8F0814FF0FF30BDE8F08100BFAC
:10654000F4304520F83045202DE9F04180B90C4663
:106550009046002A0FDD8F18084E094D30682146FD
:106560002B6898470134BC42F8D14046BDE8F08121
:106570004FF0FF38F9E78046F7E700BFF8304520D5
:10658000FC30452070B582B0026BC36A13400193A2
:1065900000241C4E1C4DA84214BF00200120050100
:1065A0000BE00E2C1ED8019A04F10C0101238B4044
:1065B000134210D10134102C22D00B2CF1D8019AA7
:1065C0000123A3401342F5D02B1956F82330002B9A
:1065D000F0D09847EEE72B1956F82330002BE9D07E
:1065E0009847E7E7019A04F10F0101238B4013421A
:1065F000E0D02B1956F82330002BDBD09847D9E791
:1066000002B070BD003145200040064008B5024888
:10661000FFF7B8FF08BD00BF00C0034008B502483F
:10662000FFF7B0FF08BD00BF00400640A1F10E0318
:10663000012B02D84FF0FF30704710B582B0EFF356
:106640001083B3FA83F35B09019372B6BFF35F8FD4
:1066500000240A4B1C70019C094B03EA022242F001
:10666000B442C9B2114311F0A7FE2CB10122034B71
:106670001A70BFF35F8F62B602B010BD00034020F6
:1066800000FFFF002DE9F0410446884600F0B4F811
:106690000546204600F0B2F8054013D00A4C04F13C
:1066A000600603E0B4420DD010345DB1206840456F
:1066B000F8D161682942F5D0E3689847636825EA14
:1066C0000305EFE7BDE8F081B43D4020F8B5184C74
:1066D0002668062E2AD84FF0000C6446154F04E0B9
:1066E0000134E4B2A446A64209D3A64625017D5949
:1066F0008D42F5D107EB04156D689542F0D10D4D33
:106700004FEA0E1E05EB0E0445F80E106260A36002
:106710000699E1600136664505D011461A4600F03B
:106720004EF80020F8BD02490E60F6E70120F8BDE2
:10673000243E4020B43D402008B50A210148FFF71F
:10674000A1FF08BD000E0E4008B50B210148FFF760
:1067500099FF08BD00100E4008B50C210148FFF755
:1067600091FF08BD00120E4008B510210148FFF747
:1067700089FF08BD00140E4008B511210148FFF73C
:1067800081FF08BD00160E40416412F0010F0DD1CB
:10679000016612F00A0F0BD0016212F0020F09D14C
:1067A00012F0080F08D0C0F8841005E04166F0E749
:1067B0004162F2E7C0F8801041610160704712F059
:1067C000100F12D0C0F8B01012F0200F07D0C0F890
:1067D000D41012F0400F05D0C0F8C0107047C0F8B8
:1067E000D010F6E7C0F8C4107047C0F8B410704776
:1067F0000164704741647047C06C7047806C70479B
:10680000024B03EB50104002704700BF0707200007
:106810005F2806D843090A33802834BF1846112060
:1068200070471023F8E700F01F00012303FA00F07F
:1068300070470000032811D0042812D002280CBF92
:106840004FF480710021084A136B23F440730B430B
:106850001363936E13F0080FFBD070474FF4407131
:10686000F1E74FF40071EEE700060E40174A136B94
:1068700023F0700318431063936E13F0080F0AD1CE
:106880004FF4006311498A6E12F0080F03D1013BE7
:10689000F9D1012070470D4A136B23F0030343F035
:1068A00002031363936E13F0080F0AD14FF40063D1
:1068B00006498A6E12F0080F05D1013BF9D101207B
:1068C0007047002070470020704700BF00060E4050
:1068D000A0B90E48036A090289B20D4A1A400D4B4D
:1068E0001343194301620246936E13F0010FFBD06C
:1068F000064A116A084B0B431362704703490B6A3F
:10690000064A1A40064B13430B62704700060E40BE
:10691000FCFFC8FF0100370000003701FCFFC8FE84
:1069200002003701024B986E00F48030704700BFC0
:1069300000060E404FF00052014B9A62704700BFB4
:1069400000060E40024B986E00F00200704700BF38
:1069500000060E404FF44412034BDA611A46936E60
:1069600013F0400FFBD0704700060E4000F07F0090
:10697000054BC3F80C01D3F80C2142F01022C3F8E8
:106980000C210020704700BF00060E40000200F4FA
:10699000706040F00100014B9863704700060E40A4
:1069A0002022014B1A60704700060E40034B1A6FFD
:1069B000C0F3120010431867704700BF00060E4076
:1069C00020B9054A054BC3F8E4207047044A034B3D
:1069D000C3F8E420704700BF00434D5000060E404E
:1069E00001434D50024B187880F00100704700BF02
:1069F000283E402038B5002800F087800346022258
:106A000002601A6912F0807FFBD180221A600A7836
:106A1000012A5A680CBF42F0010222F001025A60BA
:106A20004A78002A78D05A6842F002025A608A787E
:106A3000002A76D15A6822F004025A605868CA784F
:106A4000120102F0300220F0300002435A605A680E
:106A500022F47062486802435A605A68886822F0DB
:106A60007F4242EA00625A605868CA68120402F41F
:106A70007F0220F47F0002435A600A69002A55D140
:106A80001A6A22F001021A624A69002A53D11A6A6C
:106A900022F002021A628869304AB2FBF0F2013A2F
:106AA000FF2A4DD8186A120292B220F47F400243A6
:106AB0001A6200201C6ACA69120402F47F0224F4DC
:106AC0007F0422431A6291F8205091F821401A6CF9
:106AD00022F003021A64002D35D01A6C42F0010234
:106AE0001A64002C34D11A6C22F002021A64D3F812
:106AF000E42012F0010F01D14A6A5A6401221A609F
:106B00001A6912F0807FFBD038BD154B154A40F250
:106B10000D11154807F006FC5A6822F002025A606F
:106B200085E75A6842F004025A6087E71A6A42F021
:106B300001021A62A8E71A6A42F002021A62AAE780
:106B40006FF00700B6E71A6C22F001021A64C8E77A
:106B50001A6C42F002021A64C9E700BF80D1F00843
:106B60009C42410070424100A442410008B5B0B1CE
:106B70000346022202601A6912F0807FFBD1586836
:106B80000D4A02405A6089B15A6842F001025A60C7
:106B900001221A601A6912F0807FFBD008BD074BF2
:106BA000074A40F20D11074807F0BCFB5A6822F073
:106BB00001025A60ECE700BF360FFFFF9C42410024
:106BC00070424100A442410010B582B002AB03E91B
:106BD0000600B0B39DF8002002F0070312F0100F7A
:106BE00018BF43F0100312F0200F18BF43F020032A
:106BF00012F0400F18BF43F0400312F0800F18BF8F
:106C000043F080039DF8012002F0030143EA0123D1
:106C100012F0040F18BF43F480639DF80110C1F314
:106C2000011143EA013312F0400F18BF43F48043CF
:106C30009DF8022002F01F0243EA0243836302B080
:106C400010BD034B034A40F2CF11034807F06AFB23
:106C50009C42410080424100E0424100014B036000
:106C6000704700BF010000A508B5074B984203D04C
:106C7000064B984204D008BD1520FFF777FE08BDEB
:106C80002A20FFF773FEF6E70080004000800540F1
:106C9000436823F07F434360436843EA01614160F6
:106CA000704710B443F69923046914F0010F03D11F
:106CB000013BF9D1012009E08368406810F0020F20
:106CC00002D0C3F3034010700B8000205DF8044B2A
:106CD000704730B443F69924056915F0020F03D1CB
:106CE000013CF9D101200CE0446814F0020F06D0F9
:106CF000120402F4702211430BB141F08071C160A3
:106D0000002030BC704732B900EB8100036B23F0E8
:106D100001030363704700EB8100036B43F0010341
:106D20000363704732B900EB8100036B23F0020369
:106D30000363704700EB8100036B43F002030363BE
:106D4000704700EB81010B6B23F0F0030B630B6BBF
:106D50001A430A637047431E1944B1FBF0F0431E07
:106D6000FE2B94BF00B24FF0FF3070477AB110B4E1
:106D7000144600EB81010B6B23F47F430B630A6B1A
:106D800042EA04220A6300205DF8044B70474FF08A
:106D9000FF30704710B400EB8101086B80B20863CC
:106DA0000C6B44EA036343EA02430B635DF8044B54
:106DB000704710B489014318022444504FF0FF314A
:106DC0009962196A5A605DF8044B7047890105237E
:106DD00043507047890102234350704700EB8111F3
:106DE000CA61704700EB81114A62704700EB811164
:106DF000086A7047F0B486B0022401940824029413
:106E000020240394802404940A9CE40B0594B0EBA2
:106E1000510F14D84C0CA04217D2012501AF57F8DE
:106E20002540B1FBF4F4260C84420AD386420DD9E6
:106E30000135052DF3D1002006B0F0BC70470020CD
:106E4000FAE70020F8E70120F6E700252AB106A9B5
:106E500001EB850151F8141C1160002BF3D01D606B
:106E60000120E9E7284B99424BD8A3F57A53994280
:106E70002DD910B4254CA4FB0234A40B033C244BA5
:106E80000B449B00B2FBF3F2033AFF2C1DD9002107
:106E900001316408FF2C01D90629F9D9FF2A07D945
:106EA000062905D801315208FF2A01D90629F9D946
:106EB00013029BB2090401F4E0210B43E4B2234323
:106EC000036100205DF8044B70470021E6E74900AC
:106ED000B2FBF1F2033AFF2A11D900230133520821
:106EE000FF2A01D9062BF9D9110289B21B0403F438
:106EF000E0230B43D2B21A43026100207047002303
:106F0000F2E70120704700BF801A0600F1197605EC
:106F10000012FD3F08B54FF0FF328262026A802204
:106F20000260026B082202602022026004220260DA
:106F30000A684968FFF796FF012814BF0020012066
:106F400008BD00234360090401F4FE0141604023B1
:106F5000036047F23152036A13F4807F09D113F4BE
:106F6000007F08D1013A08D013F0040FF3D00020BD
:106F70007047052070470220704709207047CB6892
:106F8000002B4FD070B48C68002646604A6812020D
:106F900002F4407242F480520D7C2D0405F4FE058B
:106FA0002A434260C6604D685DB10A78012D02DD5A
:106FB0004E7846EA0222022D04DD897841EA022257
:106FC00000E00022C26001220260022506E0026B9E
:106FD00004F8012B013B012B22D0CBB1026A12F441
:106FE000807F27D112F4007F26D112F0020FEED15C
:106FF00047F23051026A12F4807F15D112F4007FFB
:1070000014D1013914D012F0020FE0D1002BF1D1CC
:10701000036A13F0010FFBD0036A002070BC7047B5
:107020000560DBE7012070470520F7E70220F5E760
:107030000920F3E70520F1E70220EFE7CA68002AFC
:1070400055D070B48C68002646600B7C1B0403F49A
:10705000FE034D682D0205F440752B434360C66066
:107060004D685DB10B78012D02DD4E7846EA0323B1
:10707000022D04DD897841EA032300E00023C36088
:1070800004E014F8013B4363013A1AD0036A13F495
:10709000807F34D113F4007F34D113F0040FF0D18A
:1070A00047F22F53016A11F4807F22D111F4007F3F
:1070B00021D113B311F0040FE3D1013B002AF1D128
:1070C00001E047F23053026A12F4807F1CD112F4BF
:1070D000007F1BD1E3B1013B12F0040FF3D0022378
:1070E0000360036A13F0010FFBD0002008E00120C9
:1070F0007047052004E0022002E0092000E005209E
:1071000070BC70470220FBE70520F9E70220F7E793
:107110000920F5E782B0084A536803F0040301939D
:107120000423C2F88430BFF34F8FBFF36F8FBFF3D8
:107130005F8F019802B0704700E100E020B1BFF31B
:107140005F8F0422014B5A60704700BF00E100E0EE
:1071500082B0014628BB244B1B781BB9224B197007
:1071600002B07047214B9B7803B9FEE7EFF3108321
:10717000B3FA83F35B09009372B6BFF35F8F00220B
:107180001B4B1A700098194A9378013B93700028A2
:10719000E4D00122164B1A70BFF35F8F62B6DDE7B1
:1071A000FEE7114B1B78002BD8D1104B9B78FF2B9F
:1071B000F6D0EFF31083B3FA83F35B09019372B651
:1071C000BFF35F8F00220A4B1A700198074A937829
:1071D000013393700028C1D00122054B1A70BFF310
:1071E0005F8F62B6BAE700BF2A3E4020EC304520F0
:1071F0000003402082B0124A536803F00403019355
:107200000423C2F88430BFF34F8FBFF36F8FBFF3F7
:107210005F8F019B01210B4A116023B1BFF35F8F88
:107220000422074B5A600222074B1A60074A0023C8
:10723000136153619381064A137002B0704700BF17
:1072400000E100E02082034060810340803145205E
:10725000303E40200522034B1A704FF40022024BAF
:107260001A607047303E4020F081034082B0032214
:10727000104B1A70104A536803F00403019304235F
:10728000C2F88430BFF34F8FBFF36F8FBFF35F8FB0
:1072900001980A4901220A60094B1A6008220A6013
:1072A0001A6020B1BFF35F8F0422034B5A6002B013
:1072B000704700BF303E402000E100E060810340A5
:1072C000F081034008B5024B1B6903B1984708BD24
:1072D0008031452030B585B0554A536803F004032A
:1072E00001930423C2F88430BFF34F8FBFF36F8F35
:1072F000BFF35F8F019B01214E4A116023B1BFF3A1
:107300005F8F04224A4B5A604B4B1B78032B5ED095
:107310004A4B1B884A4A9489E41AA4B2C4B9494A20
:1073200011880B449BB21380454AD2889A4253D0AD
:10733000454B1B78002B4FD1414B5B69002B67D02D
:107340009847002864D000223C4B1A803C4B9C8913
:107350003F2C5DD900223C4B1A704024384B996871
:10736000364B1888324A536803F00403029304230F
:10737000C2F88430BFF34F8FBFF36F8FBFF35F8FBF
:10738000029D324B1B6813F0020F45D154B10144EA
:107390002F48431C0A78D2B2027018460131DBB282
:1073A000A342F6D3254B1A8814441C80BFF34F8F99
:1073B000BFF36F8F0123274A136090321360002DB3
:1073C00033D0BFF35F8F0422194B5A602DE0FFF7D3
:1073D00079FFFFF70FFF28E00421174B1970144ABB
:1073E00053680B400393C2F88410BFF34F8FBFF371
:1073F0006F8FBFF35F8F039A102316490B60903194
:107400000B6092B1BFF35F8F0422094B5A600CE00E
:1074100001220D4B1A70A1E725B1BFF35F8F042243
:10742000034B5A600422044B1A7005B030BD00BFF4
:1074300000E100E020820340303E40202C3E40200E
:10744000803145202E3E4020293E4020308103409F
:10745000000010A060810340037D13F0010F13D0E2
:1074600010B50C46037D6FF300030375036853B139
:10747000064951F8221011F4807F18BF42F08002B3
:1074800081682046984710BD704700BF00810340C7
:10749000431E03EB43015F4A02EBC102127D12F06F
:1074A000010F00F0B680F0B583B00A46594901EBF0
:1074B000C202D4689268944278D0121BB2F5803F21
:1074C0001BD81704544951F8205015F4807F18D068
:1074D00051F82050C5F302150821A9400139114285
:1074E00017D047F0080703EB43014A4D05EBC101F4
:1074F0000D7D6FF341050D750BE04FF480320027D1
:10750000E0E751F82050C5F3C125012D38D047F0F0
:107510001407424901EB001103EB43053D4E06EB16
:10752000C5056D682C444C603D4D6C6804F0040446
:1075300001940424C5F88440BFF34F8FBFF36F8FCD
:10754000BFF35F8F019DCC6814F0100F21D147F07D
:1075500021078F6003EB430006EBC001C8681044AD
:10756000C8600A614FF0007000FA03F32D4A93617E
:10757000002D4CD0BFF35F8F0422294B5A6046E0A8
:1075800051F82050C5F302150821A9408A42C0D8FD
:10759000BDE725B1BFF35F8F0421214A516003EBA2
:1075A00043021C4901EBC202D16891601A4A52F8A9
:1075B000202012F4807F21D003EB4302154901EB18
:1075C000C202127D12F0020F18D00122164B43F8AE
:1075D0002020303B53F8203013F4803F02D0134B6F
:1075E00043F820200122124B43F820204FF4805210
:1075F00002FA00F0A3F5F873986108E0024603EB85
:1076000043030021034800EBC300FFF725FF03B04D
:10761000F0BD7047343E40200081034000830340AA
:1076200000E100E00080034060810340908103405E
:10763000F081034070B5284C23781BB1FFF742FE60
:10764000FFF7D8FD254A1368C3F30A53082B05D06A
:10765000FFF700FE0422224B1A6070BD1268214B16
:10766000C2F30A522048D9B28A4208D8FEF770F80D
:107670001B4D042638B9FFF7EDFD2E6070BD1D7857
:1076800001334554EFE7184B2E6093F90020002A90
:107690000ADA0023154A1380154A13800223237047
:1076A000BDE87040FFF716BEDB881BB9BDE870402F
:1076B000FFF7DCBD00230D4A13800D4A1380012320
:1076C000237010242C60FFF725FD0A4B1C60BDE8D9
:1076D0007040FFF733BD00BF303E40203081034093
:1076E00060810340000010A0803145202E3E4020E4
:1076F0002C3E4020F08103402DE9F04383B0FFF79A
:1077000071F920B9A14B5B6813F0010F0FD09F4BAB
:107710005B6813F0040F14D09C4B04229A60D3F8DA
:10772000043813F4405F09D003B0BDE8F08372B6AB
:10773000BFF35F8F0022964B1A70F5E7FDF7E8FF65
:10774000F2E7924B5B6813F0020F31D18F4B5B680D
:1077500013F4805F24D08F4B10221A6008221A6025
:10776000F03B1B6813F0040F28D18B4B1B6813F000
:10777000010F04D0894B1B6813F0010F21D1864BF8
:107780001B6813F0020F1FD1834B1B6813F0080F07
:1077900040F0A280804B1B6813F0100F40F0AF80C8
:1077A0007F4E0123794A4FF0007E4FF4805C12E156
:1077B0000222764B9A60FDF7ABFFB5E7FFF73AFF81
:1077C000B2E7FFF787FDAFE7764B1B78012B0BD0B5
:1077D000022B04D0042B02D0FFF73CFD01E0FFF7A1
:1077E00071FDFFF707FD9FE76B4B1868C0F30A5068
:1077F0006D4B9B896D4A14882218934201DA1B1B3A
:1078000098B2694B9968214478B1694A531C12783F
:10781000D2B20A7001311A46DBB28342F6D3044475
:10782000A4B2624B1C8040280CD05F4B9C815B69EA
:1078300013B1984700282FD002225E4B1A60FFF741
:1078400015FD71E7584BDA885B4B1B8823449A423D
:10785000EBDD554B9B89A34224D0564B02221A6084
:1078600010221A6055494B6803F004030093042367
:10787000C1F88430BFF34F8FBFF36F8FBFF35F8FBB
:10788000009B4F490A60002B3FF44EAFBFF35F8F60
:1078900004224A4B5A6047E7FFF7DCFC0222454BC3
:1078A0001A6041E7404B5B6953B1984770B1424958
:1078B0003E4A0B88108803440B8000231380CCE7DA
:1078C000FFF7C8FC02223B4B1A602DE7FFF7C2FC12
:1078D0000222384B1A6027E70822364B1A60303BE9
:1078E0001B6813F0010F7FF41FAF2E4B1B78032B87
:1078F0007FF41AAF4FF40022314B1A6014E71022C4
:107900002C4B1A60303B1B6813F0020F7FF40CAF56
:10791000244B1B78012B07D0042B7FF405AF4FF4C9
:107920000022274B1A60FFE6FFF7A0FCFCE6254B80
:1079300003EB0013DA6812F0010F7FF4F5AE134A7F
:107940005161DD682D0C08D01F4B7900CC1903EB79
:10795000C404E268521BE260A260FFF799FDE3E60F
:107960000C4B012249F80320124949F801204FF439
:10797000804249F8032007EB4707024600211248DE
:1079800000EBC700FFF768FDCEE600BF00800340B4
:10799000000340202082034030810340C081034027
:1079A00034810340303E4020803145202C3E402031
:1079B000000010A0608103402E3E402000E100E066
:1079C000F081034000830340343E402001330436FD
:1079D000042B00F0AC80D8B21D465F1EB846146977
:1079E0000EFA07F10C4202D0546821429FD111696E
:1079F0000CFA05F52942E9D04FEA830906F1900413
:107A0000D6F8901011F0010F03D0316811F0010F7A
:107A1000A6D1216811F4805FD8D0316811F4405F9D
:107A2000D4D14FF480525C4B49F80320A3F508737E
:107A30005D6108EB4808594B03EBC80898F814201F
:107A40006FF3820288F81420554A59F8023023F463
:107A5000007349F80230534B4FF4002249F80320D9
:107A60004FF4802249F803205EE64F4C0823A360C0
:107A70004A4D012211462846FFF7EEFC0222012161
:107A800005F11800FFF7E8FC0322012105F13000A1
:107A9000FFF7E2FCFDF71AFE236823F07F03236063
:107AA000236843F0800323603D4A11683F4B0B403D
:107AB00043F030031360136843F002031360E3697B
:107AC00043F00103E3613A494B6803F00403019377
:107AD0000422C1F88420BFF34F8FBFF36F8FBFF331
:107AE0005F8F01992F4B1A6002221A604FF4805366
:107AF000A36121B1BFF35F8F04222D4B5A60FFF7C2
:107B000079FB11E6284BD3F8002822F48042C3F811
:107B1000002801225A6110229A61D3F8002842F409
:107B20008042C3F800280020FFF712FBFCE51E4B43
:107B30005B6813F0080F98D11B4B1B6913F0010F02
:107B400004D0194B5B6813F0010FDBD1164B1B6996
:107B500013F0100F3FF4E8AD134B5B6813F0100FF8
:107B60003FF4E2AD104AD2F8003823F48043C2F863
:107B700000381346D3F8042812F4804F03D15A6812
:107B800012F0010FF6D0084B10225A6101209861C3
:107B9000FFF7DEFAC8E500BF20820340343E4020F4
:107BA00000810340F08103400080034083E6FFFF33
:107BB00000E100E070B582B01F4A536803F004038F
:107BC00001930423C2F88430BFF34F8FBFF36F8F4C
:107BD000BFF35F8F019C0120FFF7BAFA174AD2F872
:107BE000003823F48043C2F80038D2F8043813F484
:107BF000804FFAD0114B1A6822F480721A6008265E
:107C00009E610121996110229A6104259D610220E3
:107C100098619E609D609860D9609A60D3F8002852
:107C200042F48042C3F800281CB1BFF35F8F024BBF
:107C30005D6002B070BD00BF00E100E00080034065
:107C400070B582B0464D6B6803F0040300930426C0
:107C5000C5F88460BFF34F8FBFF36F8FBFF35F8FA3
:107C6000009C2220FEF782FEFDF740FCA02385F851
:107C700022336E604FF48020FEF798FE394B4FF0B0
:107C80000072C3F80028D3F8002842F40042C3F879
:107C900000281A6822F480521A601A6822F440629E
:107CA0001A60D3F8002822F48042C3F800281A464C
:107CB000D2F8043813F4804FFAD02B4B1A7D02F01F
:107CC000FE026FF382021A7593F82C2002F0FE0276
:107CD0006FF3820283F82C2093F8442002F0FE0216
:107CE0006FF3820283F844201E4AD2F8003843F42E
:107CF0008043C2F800381D4B1B781BBB01221B4B75
:107D00001A7000221A4B1A701A4BDB78FF2B18D00E
:107D1000EFF31083B3FA83F35B09019372B6BFF3F9
:107D20005F8F0022144B1A700199124AD3780133E5
:107D3000D37051B10122104B1A70BFF35F8F62B63E
:107D400003E0FEE70020FFF703FAFFF733FF24B15B
:107D5000BFF35F8F0422024B5A6002B070BD00BFB8
:107D600000E100E000800340343E40202B3E4020F4
:107D70002A3E4020EC30452000034020034BD3F83E
:107D8000040810F4405018BF0120704700800340E1
:107D9000084B1A6822F080021A601A6822F07F02EB
:107DA00000F07F0002431A601A6842F080021A60F5
:107DB000704700BF00800340024B186800F07F004E
:107DC000704700BF00800340024B186AC0F3CA002E
:107DD000704700BF00800340024B186AC0F30D00DB
:107DE000704700BF00800340014B98609981704745
:107DF0008031452000F00F02032A00D9704770B58A
:107E00001048C369012101FA02F423EA0403C361A3
:107E100000F5807050F8223023F0020340F8223041
:107E2000561E094C06FA01F5A81904EBC000FFF72D
:107E300013FB354404EBC504237D6FF382032375E4
:107E400070BD00BF00800340343E402000F00F00B2
:107E5000024B53F82000C0F3C0407047C08103407C
:107E600000F00F03032B5FD8374A52F8232012F497
:107E7000002F5BD110B483B0591E01EB4104334A8B
:107E800002EBC402127D12F0040F51D112F0010F67
:107E900053D12F4C626802F0040201920422C4F80C
:107EA0008420BFF34F8FBFF36F8FBFF35F8F019CB1
:107EB00010F0800F18D1274951F8232022F40072C6
:107EC00041F823204021244A42F823104FF4002196
:107ED000903242F82310002C33D0BFF35F8F04227E
:107EE0001B4B5A60012024E01C4A52F8232012F454
:107EF000405FE0D001EB4101144A02EBC1010A7D71
:107F000042F004020A754FF48052154941F82320CB
:107F100002FA03F3134A93618CB1BFF35F8F04221B
:107F20000B4B5A60012004E000207047012070478D
:107F3000012003B05DF8044B70470020F9E70120F1
:107F4000F7E70120F5E700BFC0810340343E402041
:107F500000E100E000810340608103403081034084
:107F6000F08103400080034000F00F00032851D847
:107F700010B5431E03EB43012C4A02EBC102127DF4
:107F800012F0040F48D00A46284901EBC202117DC5
:107F90006FF38201117582004FF48051244C44F834
:107FA00020108140A4F508746161224951F8201025
:107FB00011F4002F14D02049515811F0400F06D071
:107FC00040201E4950504FF48020903150504FF4C3
:107FD0000020174950501A48115841F400711150AF
:107FE00003EB4302114901EBC202127D12F0010FB3
:107FF00001D1012010BD08465900CA1800EBC20289
:10800000147D6FF3000414750B4450F83330984717
:10801000012010BD002070478200064951F8201051
:1080200011F4002FC7D1012010BD00BF343E402005
:1080300020820340C08103403081034060810340BF
:1080400000810340F0B583B000F00F003A4C54F8C3
:108050002040032864D8394CE569012484402C422F
:1080600061D0374C54F8204014F4002F5DD1441EE9
:1080700004EB4406334D05EBC6052D7D15F0040FCA
:1080800055D1314E756805F0040501950425C6F8F3
:108090008450BFF34F8FBFF36F8FBFF35F8F019F8C
:1080A00004EB4405274E06EBC5052D7D15F0010FA9
:1080B00008D0002F3DD0BFF35F8F0422224B5A60BF
:1080C00000202EE004EB44051E4E06EBC5052E7D78
:1080D00046F001062E7527B1BFF35F8F04261A4DB7
:1080E0006E60184D66003719FF0005EB070ECEF8DD
:1080F0000420CEF808300022CEF80C20CEF8102054
:10810000089AEA51002B08BF41F001019EF8143093
:1081100061F341038EF81430FFF7BAF9012000E053
:10812000002003B0F0BD0020FBE70020F9E70020AD
:10813000F7E70020F5E700BF00810340008003401F
:10814000C0810340343E402000E100E02DE9F04FC3
:1081500083B000F00F04032C00F2DD80734BDD6967
:108160000123A3402B4040F0DB8011F0030500F019
:10817000D980022D1FD9032D40F0D4804FF0000E7E
:108180006B4E06EB840556F824C06A4F0CEA0707CD
:10819000C90201F4C05140B20028B8BF4FF4807347
:1081A000A2F5806080B2B0F57C4F07D3082A24D9AD
:1081B0005200013A04E04FF0010EE1E740F2FF7295
:1081C000B2FA82F241EA8E011943C2F11C0341EA7C
:1081D000031323F4D06323F00303DB04DB0C3B43E2
:1081E00046F824300127A740BFB2022C1CD8524ABF
:1081F00003234E484FF0010E06E00F22E0E7013B5B
:10820000043AD9B28C420FD2C6690EFA03F10E427B
:10821000F5D00F43BFB2C66926EA0101C1611168FA
:1082200021F002011160EAE704EB4403434E06EB40
:10823000C306DFF80891DFF8F4804FF0010A1DE073
:1082400001EB41033D4A52F83340002C6CD02B68BF
:1082500013F4807F18BF40F0800001EB4101374BE1
:1082600003EBC1010246C9680120A047002353E087
:10827000013404351836E3B2032B4AD8E0B247FA8A
:1082800004F313F0010FF3D0611E01EB410309EB7E
:10829000C3031A7D02F0010E6FF300021A752B68FA
:1082A00043F002032B60D8F81C200AFA04F31343AE
:1082B000C8F81C302B6B13F4802FC1D02B6843F40B
:1082C00000732B60BEF1000FD2D056F80C3C56F86C
:1082D000082C9A1A46F80C2C2B6813F4807F18BFD0
:1082E00040F0800056F810BC56F814CC01EB410168
:1082F00009EBC101097D56F8183C0093ABEB020372
:108300006244C1F34001FFF79DFE03460028AFD150
:1083100002E0012300E00023184603B0BDE8F08F1F
:108320000023F9E70023F7E70023F5E70080034087
:108330000081034083E6FFFF0C810340343E402070
:1083400070B500F00F02541E4FF00073A34018499F
:108350004B61184B03EB021300259D604FF48053D3
:1083600093404B61BFF34F8FBFF36F8F10F0800FBF
:1083700008D104EB440401210F4800EBC400FFF7CF
:108380006BF870BD93000D4818440D4D1D444FF41B
:10839000005601F5E071194404E02E600B6813F4F7
:1083A000005FFBD1036813F4405FF6D1E1E700BF43
:1083B0000080034000830340343E4020308103406E
:1083C000F0810340054A136823F4406343F40063DB
:1083D0001360136843F40053136070470080034038
:1083E000054A136823F4406343F400631360136881
:1083F00043F480431360704700800340034A1368CE
:1084000023F4406343F4006313607047008003402B
:1084100030B48EB06C461E4D0FCD0FC40FCD0FC4BF
:108420000FCD0FC495E8030044F8040B2170194BDD
:10843000DA6922F00102DA61174A11681748084028
:1084400041F2301101431160116841F002011160E5
:10845000DA6942F00102DA611A6822F4406242F4F9
:1084600000621A601A6842F400421A600C4A6B46B5
:108470000DF1350013F8011B02F8011F8342F9D1F9
:108480004FF48042074B1A600EB030BC704700BFFB
:108490001C434100008003400081034083E6FFFF4E
:1084A000FFFF0FA02082034000EB8111CB6D5368CA
:1084B0000B6693684B66136823F07F430B67136961
:1084C000C3F30B034B675369CB67936923F07F4377
:1084D000C1F88030D36923F07F43C1F88430D3687A
:1084E0008B6770473B4B1B6B03F00303012B1DD0C5
:1084F00083B1022B36D0374B1B6B03F07003702B0C
:108500005FD0344B1A6B3449C2F302120B68D3406C
:108510000B607047314B5B6913F0800F14BF4FF451
:1085200000424FF4FA422C4B1A60E4E7294B1B6AD5
:1085300013F0807F03D02A4A274B1A60DBE7294AD1
:10854000254B1A60234B1B6A03F07003102B05D0D8
:10855000202BD0D1224A204B1A60CCE7224A1E4B56
:108560001A60C8E71B4B1B6A13F0807F16D01C4AA9
:10857000194B1A60174B1B6B03F00303022BBAD184
:10858000144A916A926A1448C1F30A41036801FBD4
:108590000333D2B2B3FBF2F30360ACE7114A0E4BE4
:1085A0001A600C4B1B6A03F07003102B05D0202BB4
:1085B000E0D10B4A084B1A60DCE70B4A064B1A6005
:1085C000D8E7054A13680949A1FB03135B08136048
:1085D000704700BF00060E400403402010180E40F4
:1085E000001BB70000093D0000127A00ABAAAAAA3E
:1085F000164B984213D9164B984215D9154B9842F1
:1086000016D9154B984217D9144B984218D9144BC8
:10861000984294BF134A144A144B1A6070474FF0A3
:108620008062124B1A607047114A104B1A607047F3
:10863000104A0E4B1A6070470F4A0C4B1A60704775
:108640004FF00422094B1A60704700BFBFF35E0170
:108650007FE7BD023FDB1C04FFCE7B05BFC2DA060D
:108660007FB639080005000400060004000C0E4027
:10867000000100040002000400030004FEE7000003
:1086800008B5174B174A9A4210D0174B144A9A4212
:108690000CD2013B9B1A23F003030433134411490A
:1086A00051F8040B42F8040B9A42F9D10F4B104ACF
:1086B0009A420AD2013B9B1A23F00303043313446A
:1086C000002142F8041B9342FBD10A4A0A4B23F0D3
:1086D0007F03936005F058FE01F0B6FEFEE700BF91
:1086E00000004020CC83410088104020C03145204C
:1086F0008810402000ED00E0000040000A4B1B689D
:1087000053B1094B1B681A180849914208DB1046FF
:10871000054A106018467047054A034B1A60F0E797
:108720004FF0FF30704700BF7C3E4020FCFF4520EB
:10873000C05345204FF0FF3070474FF400534B605B
:1087400000207047012070470020704700BEFEE700
:1087500070474FF0FF30704700B583B000210748E5
:10876000FEF744FB0190019B054B1B6813B1044AC3
:108770005068984703B05DF804FB00BF00C000409C
:10878000843E402000B583B000210748FEF72EFB51
:108790000190019B054B9B6813B1044AD068984730
:1087A00003B05DF804FB00BF00400540843E40205C
:1087B000244B1B68022B42D070B50021224A42F89C
:1087C0003310012B0CBF32241724204A2048012BE0
:1087D00018BF1046FEF7FEFA2046FEF7C7F861B252
:1087E00004F017040120A0404D091A4C04EB850346
:1087F000C3F88000BFF34F8FBFF36F8FC3F88001C2
:10880000154BDA68C2F30222C2F10706032E28BF15
:108810000326D31C062B8CBF043A00220123B3404D
:10882000013B03F0040393405B01DBB20B4A53545A
:1088300044F82500034B1868421C1A6070BD4FF0C5
:10884000FF307047803E4020843E402000C0004002
:108850000040054000E100E000ED00E000E400E041
:10886000064B1B68834201D806207047044B43F82F
:10887000301003EBC000426000207047803E402073
:10888000843E4020284B1B68834201D80620704755
:1088900030B585B00C46254B254D012818BF1D4627
:1088A00000212846FEF796FA610810D0214CB4FB4F
:1088B000F1F4002C08BF01241F49009102AB03AA68
:1088C0002046FEF797FA20B9032005B030BD194CB9
:1088D000F2E7029B1BB90123029308230393039B36
:1088E0001549B1FBF3F1B1FBF4F4B4F5803F01D3CA
:1088F0000320EAE7029A02F0070242F480420021D4
:108900002846FEF756FA224600212846FEF766FA68
:10891000102200212846FEF765FA00212846FEF7BE
:1089200055FA0020D1E700BF803E402000C0004043
:108930000040054040420F0000A3E11108B5084B7C
:108940001B68834201D8062008BD0021054B064A5A
:1089500001280CBF10461846FEF73CFA002008BD5F
:10896000803E402000C000400040054008B5002087
:10897000FEF726F808BD000038B5040B134D2D781E
:10898000A54201D8142038BDC4EBC404104D2D6895
:1089900010749360D160114655F82400FEF74EFB29
:1089A00009280ED8DFE800F00F0B090D0D070D0D9B
:1089B0000D05082038BD0A2038BD092038BD032028
:1089C00038BD012038BD002038BD00BF983E402092
:1089D000943E402038B5040B134D2D78A54201D8A4
:1089E000142038BDC4EBC404104D2D68107493607E
:1089F000D160114655F82400FEF7C1FA09280ED8B7
:108A0000DFE800F00F0B090D0D070D0D0D05082017
:108A100038BD0A2038BD092038BD032038BD0120EB
:108A200038BD002038BD00BF983E4020943E402015
:108A300030B4002940D1836803F01F02012404FAF6
:108A400002F2624901EB53135B021A66C3F89420E9
:108A50005A655A62C3F880201D6FD24315401D67C6
:108A60005D6F2A405A67836803F01F0204FA02F21E
:108A700001EB53135B021A60036903F01F0204FA4F
:108A800002F201EB53135B021A66C3F894205A6595
:108A90005A62C3F880201D6FD24315401D675D6F79
:108AA0002A405A67036903F01F02944001EB5311F7
:108AB00049020C6030BC70478468C16804F01F0331
:108AC00001229A40414B03EB54135B0211F0080F53
:108AD00064D05A6611F0100F62D0C3F8942011F0E0
:108AE000200F60D01A6511F0C00F5ED01A6211F02D
:108AF000800F5CD0C3F8842011F0010F1C6F14BFED
:108B0000144394431C6711F0020F596F14BF0A43BA
:108B100021EA02025A67816801F01F04012202FA69
:108B200004F42A4B03EB511149024C60046941697A
:108B300004F01F05AA4003EB54135B0211F0080F69
:108B400038D05A6611F0100F36D0C3F8942011F0C7
:108B5000200F34D01A6511F0C00F32D01A6211F014
:108B6000800F30D0C3F8842011F0010F1C6F14BFA8
:108B7000144394431C6711F0020F596F14BF0A434A
:108B800021EA02025A67016901F01F0301229A409B
:108B90000E4B03EB51135B025A608BE71A6699E7A1
:108BA000C3F890209BE75A659DE75A629FE7C3F898
:108BB0008020A1E71A66C5E7C3F89020C7E75A6589
:108BC000C9E75A62CBE7C3F88020CDE7070720004A
:108BD00000B587B000230293134601AAFFF7CCFE2D
:108BE00007B05DF804FB10B586B014468DF804108C
:108BF0000122029201AA2146FFF7BEFE06B010BD77
:108C000010B586B014460A0A8DF804208DF80510B8
:108C10000222029201AA2146FFF7AEFE06B010BD65
:108C200000B587B000230293134601AAFFF7D2FED6
:108C300007B05DF804FB10B586B014468DF804103B
:108C40000122029201AA2146FFF7C4FE06B010BD20
:108C500010B586B014460A0A8DF804208DF8051068
:108C60000222029201AA2146FFF7B4FE06B010BD0F
:108C70004FF6FF707047000008B5000B094B1B78DA
:108C8000834201D8062008BD074B1B68C0EBC0001B
:108C9000064A126853F82000FEF7E4F8003018BFC7
:108CA000012008BD983E4020943E40209C3E40203C
:108CB000F8B5050B194B1B78AB4201D81420F8BD51
:108CC000C5EBC505164B1B6803EB8505154B1E68E8
:108CD00006F5FA76C4B21F4621462868FEF731F938
:108CE000052805D13B689B1B002BF5DB0A20F8BD4E
:108CF00009280ED8DFE800F0070B090D0D0F0D0D48
:108D00000D050820F8BD0020F8BD0920F8BD03209E
:108D1000F8BD0120F8BD0A20F8BD00BF983E4020F4
:108D2000943E4020B83E4020000B404B1B788342CD
:108D300001D806207047C0EBC00083003C4A12688F
:108D4000D0183C49096811F01F0F05D0D3584FF4D3
:108D500000421A600020704770B5836803F01F025C
:108D6000012404FA02F2344901EB53135B021A6640
:108D7000C3F890201A655A62C3F880201D6FD24351
:108D800015401D675D6F2A405A67836801EB5312D7
:108D9000520203F01F0304FA03F31361C2F8A03078
:108DA000836801EB5312520203F01F0304FA03F32A
:108DB0001363836803F01F02944001EB53135B02BB
:108DC0001C6009240E4601251C4B826806EB5211DB
:108DD000490202F01F0205FA02F24A6319680131E2
:108DE0001A689142FCD8826806EB5211490202F0DF
:108DF0001F0205FA02F20A63196801311A689142EA
:108E0000FCD8013C14F0FF04DFD183680A4A02EB6E
:108E10005312520203F01F03012101FA03F35361BD
:108E2000C2F8A030FFF704FE002070BD983E40203D
:108E3000943E402040090E4007072000B83E4020E5
:108E400008B5000B074B1B78834201D8062008BDEC
:108E5000C0EBC000044B1B6803EB8000FFF7E8FD8C
:108E6000002008BD983E4020943E4020000B184B47
:108E70001B78834201D80620704730B4C0EBC00095
:108E8000144B1B6803EB800000230B700269124B2C
:108E900003EB52146402E56B02F01F02012404FA92
:108EA00002F22A4214BF254600250D70826803EBAA
:108EB00052135B02DB6B02F01F0294401C4205D090
:108EC00045F002050D70002030BC70470020FBE724
:108ED000983E4020943E40200707200070B584B0A3
:108EE000144B1860144B1970144B154A13600193FE
:108EF000D9B104464D1EEDB20135C5EBC50500EBF9
:108F0000850501266068FDF731FDA369029301A97B
:108F10002068FDF7FFFF50B931462046FFF788FD76
:108F20001C34AC42EED1002002E0002000E0012021
:108F300004B070BD943E4020983E402080D1F0089F
:108F40009C3E4020036C1A6912F0010F04D09A680D
:108F50001A6912F0010FFAD1704708B503682B2B7C
:108F600007D0A1F1080212010021006CFDF7E9FE13
:108F700008BD026C5368083923F4706343EA012189
:108F8000516008BD70B588B090F84E40E4B221F051
:108F90007F4100914FF00043019302920A4B0393EB
:108FA00000250495059506950795084E6A462146C5
:108FB0003046FFF779FA06EB8413DD66012303FAE6
:108FC00004F4F46108B070BD06300500008007406D
:108FD0002DE9F04790B00446914690F84D201206D6
:108FE00002F0FE4244F211001843024394F84F800D
:108FF0004FEA086808F0FE483048184348EA00087D
:109000000025256521F07F4AC4F854A02C4BA365A8
:10901000A66CE6652266202229460DEB020005F0CB
:10902000A5FA0A9694F84C10264E08AA3046FFF787
:109030003BFA94F84C3006EB83131322DA6694F86B
:109040004C3004F1500222F0030206EB83139A66BF
:1090500094F84C70FFB26566C4F868A0C4F87090CC
:10906000E566C4F874800095636C019302930395E0
:10907000049505950695079594F84E106A46304676
:10908000FFF712FA94F84E3006EB83131522DA66D6
:1090900094F84E3004F1640222F0030206EB8313CD
:1090A0009A6694F84E30DAB2012303FA07F7934038
:1090B0001F43F76110B0BDE8F08700BF0120040036
:1090C000A03E4020008007402DE9F04106460D46B5
:1090D000904625491846FDF73EFE071E3FDB346CDF
:1090E0002046FDF7C1FD80232360636843F0010340
:1090F0006360636843F010036360636823F0800378
:109100006360636823F002036360636823F0040311
:10911000636000212046FDF7BBFD00231A46194677
:109120002046FDF737FE41463046FFF716FFFAB2FC
:1091300000212046FDF71AFE05F00102002120461D
:10914000FDF7E1FD85F00202C2F340020021204656
:10915000FDF7E8FD012323600020BDE8F0816FF0FA
:109160000700BDE8F08100BF80D1F00838B5036C7E
:109170005B6803F00103994220D001291FD0846A63
:1091800004F01F0301229A402B4B03EB54135B02A4
:109190001A66C3F890205A655A62C3F880201D6F82
:1091A000D44325401D675D6F2C405C671A631A61CC
:1091B000C3F8A0201A60006CFDF7D8FC38BD856AA2
:1091C000C46A05F01F0301229A401B4B03EB5513A1
:1091D0005B0214F0080F22D05A6614F0100F20D052
:1091E000C3F8942014F0200F1ED01A6514F0C00F9D
:1091F0001CD01A6214F0800F1AD0C3F8842014F027
:10920000010F1D6F14BF154395431D6714F0020F26
:109210005C6F14BF144394435C675A60CBE71A66D3
:10922000DBE7C3F89020DDE75A65DFE75A62E1E744
:10923000C3F88020E3E700BF070720002DE9F041D5
:1092400082B004460E4690461F469DF820509DF879
:109250002430002B4DD0026B364B03EB52104002F2
:1092600002F01F02012101FA02F24261C0F8A020BF
:10927000626B03EB52135B0202F01F0201FA02F26F
:109280001A61C3F8A020A36B2A4A02EB53125202C0
:1092900003F01F03012101FA03F353632046FFF794
:1092A00065FF9DF828102046FFF757FE246C002C20
:1092B00038D0C4F834800023009301934FF00603A4
:1092C00067F3041365F3C7138DF8003003238DF89B
:1092D00001304FF0000366F304038DF802309DE87F
:1092E00006002046FDF770FC05B1A36B02B0BDE897
:1092F000F081026B0F4B03EB5210400202F01F0291
:10930000012101FA02F20261C0F8A020626B03EBB6
:1093100052135B0202F01F0201FA02F25A61C3F813
:10932000A020B0E7044B054A4FF4AD71044804F0A7
:10933000F9FF00BF070720009C4241005443410051
:10934000704341002F4B1B78DBB22F4A12789A42B0
:1093500056D910B52B4B1B78DB012C4A1068C4186A
:1093600094F84E1089012A4A525812F0020F1AD06E
:10937000C3582B2B18D0A26B264B03EB52135B0266
:1093800002F01F02012101FA02F21A63E36B013BB2
:10939000E36304221B4B1A70A36F13B1A36FE06F3A
:1093A00098470023A36710BD236C5B6813F0010F7F
:1093B000E1D0BFF34F8F226C4FF0807313601369BD
:1093C00013F4806FFBD0226B124B03EB5210400260
:1093D00002F01F02012101FA02F24261C0F8A0204E
:1093E000626B03EB52135B0202F01F0201FA02F2FE
:1093F0005A61C3F8A02000212046FFF7B7FEBAE764
:10940000704700BF08034020A43E4020A83E4020F3
:109410005C80074007072000F0B585B02D4C24780C
:10942000844202D8062005B0F0BD2B4C245C0CB958
:109430001520F8E7002A38D0284C2478E4B2032C11
:1094400001D80920EFE7254C2070C001244C256885
:109450002C18E66B46B9E66B0136E663E66B012E27
:1094600025D0E36B013BE36304221C4B1A700920F7
:10947000D9E7236C5B6813F0010F20D016F0030FBF
:1094800001D01120CFE70823029301230193009319
:1094900000231A4602212046FFF7D0FE3A46B108C3
:1094A0002046FFF76FFD0020BDE70020BBE7164612
:1094B0000F460A9AE267A3672B582B2BD9D0204678
:1094C000FFF740FD00233A4631462046FFF780FD76
:1094D0000020A8E7A43E4020AC3E402008034020E6
:1094E000A83E402070B5264C2478844201D806203E
:1094F00070BD244C245C0CB9152070BD32B3224CD5
:109500002478E4B2032C01D8092070BD1E4C2070D1
:10951000C0011E4C25682C18E66B46B9E66B013677
:10952000E663E66B012E13D0E36B013BE363042299
:10953000154B1A70092070BD236C5B6813F0010F86
:109540000CD0E36B013BE363102070BD002070BDC5
:10955000049EE667A3672B582B2BEDD015460E46CD
:109560002046FFF7EFFC0C212046FFF7F6FC4FF4F6
:109570000063324629462046FFF72AFD002070BDD1
:10958000A43E4020AC3E402008034020A83E40209E
:10959000F0B585B02F4C2478844202D8062005B05F
:1095A000F0BD2D4C245C0CB91520F8E7002A37D00B
:1095B0002A4C2478E4B2032C01D80920EFE7274C89
:1095C0002070C001264C25682C18E66B46B9E66B66
:1095D0000136E663E66B012E24D0E36B013BE363C7
:1095E00004221E4B1A700920D9E7236C5B6813F024
:1095F000010F1FD016F0030F01D01120CFE7102369
:10960000029301230193009300231A46022120466E
:10961000FFF714FE3A46B1082046FFF7B3FC10E00E
:109620000020BCE716460F460A9AE267A3672B584C
:109630002B2BDAD02046FFF785FC10212046FFF7C0
:109640008CFC4FF400633A4631462046FFF7C0FCDD
:109650000020A4E7A43E4020AC3E40200803402068
:10966000A83E40204FF4004070470000F0B58BB09A
:10967000314C2478844202D806200BB0F0BDA2F110
:109680000804E4B2082C01D90320F6E7C7012B4CEB
:10969000D4F800E00EEB07046668E56B002DFCD102
:1096A000E56B0135E563E56B012D35D0E56B013DDB
:1096B000E563F2E700208DF800008DF801008DF8D9
:1096C000020001268DF80360083A1202019202900E
:1096D000039001EA0602049201F00201059106934B
:1096E00007908DF820008DF8210009906946206CC4
:1096F000FDF780F9E36B013BE36348B10320BCE76E
:109700002046FFF7E1FCF5E72046FFF7DDFCF1E737
:1097100001220B4B5A55B0E70546B34228BF3346EA
:109720005EF807002A28EBD02B28C3D01528EBD0F1
:109730006FF00700DEE700BFA43E4020A83E4020B7
:10974000AC3E4020102070471020704770B584B0A8
:10975000304C2478844202D8062004B070BD2E4CD0
:10976000245C0CB91520F8E7012901D01020F4E79A
:10977000C0012A4909680C1809582B2901D0172063
:10978000EBE7256CE16B0029FCD1E16B0131E16372
:10979000E16B012928D0E16B0139E163F2E7236B2A
:1097A0001F4D05EB5312520203F01F03012606FA68
:1097B00003F35361C2F8A030636B05EB53125202FE
:1097C00003F01F0306FA03F35361C2F8A03000212F
:1097D0002046FFF7CBFCA26B05EB52135B0202F0B5
:1097E0001F0296401E6310E01E4612780823029363
:1097F00000210191009101232046FFF71FFD2B69F5
:1098000013F4806FFBD0002EC9D0E36B013BE36300
:109810000020A2E7A43E4020AC3E4020A83E4020CD
:10982000070720002DE9F04F83B01D469DF83080DA
:10983000364B1B78834203D8062003B0BDE8F08F77
:109840000F461446324B1B5C0BB91520F5E7002977
:1098500044D0304B1E6806EBC016F36B002BFCD1D6
:10986000F36B0133F363F36B012B39D0F36B013BE3
:10987000F363F2E7514607E0013FB7F1FF3F18D02D
:10988000002CF7D02178013453465A464846FDF75C
:1098900020FA80B90DF105020DF106014846FDF7E9
:1098A00000FA40B9002DE7D0BDF806302B70013525
:1098B000E2E7002000E00820B8F1000F0AD1B26B07
:1098C000154B03EB52135B0202F01F02012101FA58
:1098D00002F21A63F36B013BF363AEE70020ACE7DF
:1098E00008213046FFF739FBB26B0B4B03EB5213E9
:1098F0005B0202F01F02012101FA02F25A63D6F85C
:109900004090013F4FF0000A8B46B9E7A43E40204B
:10991000AC3E4020A83E40200707200000B583B0A1
:1099200000930023FFF77EFF03B05DF804FB00B552
:1099300083B0009313460022FFF774FF03B05DF875
:1099400004FB00002DE9F04F83B01D469DF83080E8
:10995000364B1B78834203D8062003B0BDE8F08F56
:109960000F461446324B1B5C0BB91520F5E7002956
:1099700044D0304B1E6806EBC016F36B002BFCD1B5
:10998000F36B0133F363F36B012B39D0F36B013BC2
:10999000F363F2E7514607E0013FB7F1FF3F18D00C
:1099A000002CF7D02188023453465A464846FDF72A
:1099B00090F980B90DF105020DF106014846FDF759
:1099C00070F940B9002DE7D0BDF806302B80023584
:1099D000E2E7002000E00820B8F1000F0AD1B26BE6
:1099E000154B03EB52135B0202F01F02012101FA37
:1099F00002F21A63F36B013BF363AEE70020ACE7BE
:109A000010213046FFF7A9FAB26B0B4B03EB521350
:109A10005B0202F01F02012101FA02F25A63D6F83A
:109A20004090013F4FF0000A8B46B9E7A43E40202A
:109A3000AC3E4020A83E40200707200000B583B080
:109A400000930023FFF77EFF03B05DF804FB00B531
:109A500083B0009313460022FFF774FF03B05DF854
:109A600004FB102070470000042901D9062070472C
:109A7000B54B1860B54B1970002900F063812DE9D2
:109A8000F0410027DFF8C0820125B14E62E01A667E
:109A900090E0C3F8902093E05A6596E05A6299E00E
:109AA000C3F880209CE01A66B7E0C3F89020BAE0C3
:109AB0005A65BDE05A62C0E0C3F88020C3E01A6670
:109AC000DEE0C3F89020E1E05A65E4E05A62E7E0A6
:109AD000C3F88020EAE01A6609E1C3F890200CE19F
:109AE0005A650FE15A6212E1C3F8802011F0010FAC
:109AF000186F14BF10439043186711F0020F596F8D
:109B000014BF1143914359675A60236B06EB5312FC
:109B1000520203F01F0305FA03F31363636B06EBB2
:109B20005312520203F01F0305FA03F3536394F830
:109B30004E30DBB205FA03F3864AD36094F84E3018
:109B400002EB8312022313650137804B1B78BB4263
:109B500040F2E480FB01D8F80020D418D058FCF77C
:109B600005FFA36B03F01F0205FA02F206EB531385
:109B70005B021A66C3F890205A655A62C3F88020C7
:109B8000186FD14308401867586F014059671A632E
:109B90001A61C3F8A0201A60A368E16803F01F02ED
:109BA00005FA02F206EB53135B0211F0080F3FF4C3
:109BB0006EAF5A6611F0100F3FF46BAFC3F89420EC
:109BC00011F0200F3FF468AF1A6511F0C00F3FF499
:109BD00065AF1A6211F0800F3FF462AFC3F88420C2
:109BE00011F0010F186F14BF10439043186711F064
:109BF000020F596F14BF1143914359675A6023698B
:109C0000616903F01F0205FA02F206EB53135B02CF
:109C100011F0080F3FF447AF5A6611F0100F3FF4F0
:109C200044AFC3F8942011F0200F3FF441AF1A6500
:109C300011F0C00F3FF43EAF1A6211F0800F3FF4F5
:109C40003BAFC3F8842011F0010F186F14BF10430D
:109C50009043186711F0020F596F14BF11439143DD
:109C600059675A60A369E16903F01F0205FA02F21D
:109C700006EB53135B0211F0080F3FF420AF5A6656
:109C800011F0100F3FF41DAFC3F8942011F0200F16
:109C90003FF41AAF1A6511F0C00F3FF417AF1A6204
:109CA00011F0800F3FF414AFC3F8842011F0010FBE
:109CB000186F14BF10439043186711F0020F596FCB
:109CC00014BF1143914359675A60236AB3F1FF3FB0
:109CD0003FF42DAF616A03F01F0205FA02F206EBB2
:109CE00053135B0211F0080F3FF4F5AE5A6611F002
:109CF000100F3FF4F2AEC3F8942011F0200F3FF4A0
:109D0000EFAE1A6511F0C00F3FF4ECAE1A6211F01D
:109D1000800F3FF4E9AEC3F88420E7E613B90020D2
:109D2000BDE8F0813A20FCF721FE0B4B4FF080623A
:109D3000C3F884210949C968002083F83A035A60AE
:109D4000BDE8F08100207047A83E4020A43E40209E
:109D5000070720000080074000E100E000ED00E080
:109D6000C3B21F2B02D94FF0FF307047000A4138B1
:109D7000242822D8DFE800F01315181B1E2121210A
:109D800021212121212121212121212121212121C3
:109D900021212121212121211315181B1E001846E4
:109DA000704703F12000704703F14000704703F152
:109DB0006000704703F1800070474FF0FF3070473C
:109DC0000020704738B54FF6FF73984267D00C46B5
:109DD000FFF7C6FFB0F1FF3F63D024F00103023B61
:109DE000262B60D8DFE803F0635F5F5F165F195FC3
:109DF0005F5F5F5F5F5F5F5F5F5F5F5F5F5F145FBE
:109E00005F5F5F5F5F5F5F5F5F5F5F5F5F5F6100BF
:109E1000082104E04FF480714AE04FF48071254B33
:109E200003EB50135B0200F01F050122AA405A61A8
:109E3000C3F8A020002500F01F0301229A401D4B0B
:109E400003EB5010400211F0080F1BD0426611F0D6
:109E5000100F19D0C0F8942011F0200F17D0026510
:109E60004262C0F88020016FD34319400167416FFF
:109E70000B40436714F0010F0BD002635DB9026021
:109E8000002038BD0266E2E7C0F89020E4E74265B2
:109E9000E6E74263F2E70261C0F8A020EFE70020A6
:109EA00038BD032038BD032038BD1021B7E720217D
:109EB0000125C0E7070720004FF6FF7398421BD02B
:109EC00010B50C46FFF74CFFB0F1FF3F16D00C4B1E
:109ED00003EB50135B023CB900F01F00012202FAB1
:109EE00000F05863002010BD00F01F00012202FAAC
:109EF00000F01863002010BD00207047032010BD43
:109F0000070720004FF6FF73984216D010B50C4695
:109F1000FFF726FFB0F1FF3F12D00A4B03EB5013BF
:109F20005B02DA6B00F01F00012303FA00F010421D
:109F300008BF00232370002010BD00200870704768
:109F4000032010BD0707200000207047106000208C
:109F500070471020704710207047000008B5034B71
:109F60005B6813B1014A9068984708BD0C03402014
:109F700008B5034B1B6913B1014A5069984708BDE6
:109F80000C03402008B5034BDB6913B1014A106A8A
:109F9000984708BD0C03402008B5034B9B6A13B1DA
:109FA000014AD06A984708BD0C034020454B1B6806
:109FB000042B01D1062070472DE9F04782B01646E8
:109FC0000F46054604681FFA84F8C4F34A123E4B54
:109FD00013445B0204F01F02012494405C61C3F847
:109FE000A0401C66C3F890405C655C62C3F880408A
:109FF000196FE24311401967596F0A405A671C6094
:10A000004046FCF7FDFB81464046FCF701FC044658
:10A010004046FCF708FC80466A6801464846FCF763
:10A02000B3FBAB68294DDFF89CA0DAF8002002EB07
:10A03000420255F822200092424621464846FCF74B
:10A0400045FBDAF8000000EB400305EB83056F6089
:10A05000AE6061B21E4BDA68C2F30222C2F107039E
:10A06000032B28BF0323D51C062D8CBF151F0025ED
:10A07000012202FA03F3013B03F00203AB40AA40C2
:10A08000013A02401343002915DB5B01DBB2114AA0
:10A09000501880F80033490904F01F04012303FA23
:10A0A00004F442F82140074A13680133136000208A
:10A0B00002B0BDE8F08704F00F045B01DBB2064A92
:10A0C0001355F0E7B03E4020070720000C03402066
:10A0D00000ED00E000E100E014ED00E0F8B50F460F
:10A0E00004882046FCF78CFB05462046FCF79BFBCA
:10A0F00006462FB901462846FCF77CFB0020F8BD38
:10A100002046FCF785FB01462846FCF7BBFA3146A2
:10A110002846FCF76DFBF1E7F0B488B00E4C01AEB9
:10A1200025460FCD0FC695E8070086E807002746AD
:10A1300004F11C060FCE0FC796E8070085E807005C
:10A140001C3401AD0FCD0FC495E8070084E807006B
:10A1500008B0F0BC704700BF3C03402008B500F0D9
:10A160004FF800F085F800F08FF800F089F8002132
:10A170000846FFF725FE02210748FEF7AFFE002143
:10A18000064B1868FFF770FC00210846FFF7DCFE5D
:10A19000FEF7ECFB08BD00BF3C034020B43E40206E
:10A1A0007047000008B501220C210448FCF73EFA74
:10A1B0000348FCF753FD002008BD00BF000C0E4013
:10A1C00000180E4030B587B00546FCF761F904234E
:10A1D000009302AB0F220E2108480EF0E9F8044666
:10A1E000FCF774F914B1012007B030BD02AC0FCCFC
:10A1F00028606960AA60EB600020F5E7000C0E4063
:10A2000010B50122174B1A70BFF35F8F62B6164B61
:10A2100000241C705C709C70DC701C715A71FBF720
:10A220006FF9BFF34F8FBFF36F8F104BC3F85042DE
:10A23000BFF34F8FBFF36F8F5A6942F400325A61F8
:10A24000BFF34F8FBFF36F8F0A20FCF78FFB0B20FC
:10A25000FCF78CFB0C20FCF789FB1020FCF786FB3D
:10A2600010BD00BF00034020EC30452000ED00E0B1
:10A27000014A024B5A607047FFAFFF3F50180E4033
:10A2800008B5FBF71FFA08BD164B1B68164AA2FB60
:10A2900003231B0B013BB3F1807F09D2134A5360A8
:10A2A000E021134B83F823100023936007231360EE
:10A2B0000F4BDA68C2F30222C2F10701032928BF5B
:10A2C0000321D31C062B8CBF043A002201238B40B0
:10A2D000013B03F0010393405B01DBB2044A82F8C7
:10A2E00023307047040340205917B7D110E000E035
:10A2F00000ED00E0024A136801331360704700BFAD
:10A30000B83E40207047002070470120704710B5CC
:10A31000ADF5007D4FF400740AE021466846FBF776
:10A320009BFFB0F5007F28BF4FF4007080B218B1DA
:10A33000FBF72CFF0028F0D10DF5007D10BD08B50E
:10A34000FCF7A0F808BD00002DE9F041134B1B6895
:10A3500042F210751D44F1B106460C460F4F0BE05A
:10A36000A04228BFA04641463046FCF783F8A4EB44
:10A370000804A4B246445CB1FCF710F880460028FB
:10A38000EED13B685B1B002BF5DB0820BDE8F081BC
:10A390000020BDE8F0810020BDE8F081B83E4020FB
:10A3A0002DE9F047044689469846264B1D6892B22F
:10A3B000002350010021801A61EB03018E0046EA60
:10A3C00090768700B81846EB0301CB0043EA507340
:10A3D000C20010461946C822002303F01BFE0544A4
:10A3E000B9F1000F29D04F464FF0000A154E10E08A
:10A3F00039462046FBF730FFB84228BF384680B2C6
:10A400000CE00444381A87B233685B1B002B17DA60
:10A410008FB1FBF7BBFE0028EAD150460028F0D1EF
:10A42000B8F1000FEDD00020A9EB0709089BA3F8B5
:10A430000090BDE8F0870020F6E74F460020F3E7E4
:10A440000820F1E7B83E402000B583B0EFF3108359
:10A45000B3FA83F35B09019372B6BFF35F8F0022F7
:10A460000B4B1A7001990B4A136843F47003136085
:10A47000BFF34F8FBFF36F8F29B10122044B1A70C6
:10A48000BFF35F8F62B600F081FB00F041FEFCE796
:10A490000003402088ED00E008B5F9F7C3FA0A4B45
:10A4A0001B680A4A12680A4909680A480068F9F7ED
:10A4B000D3F8094B1968094B1868F7F765FD0122B5
:10A4C000074B1A7008BD00BFF03E4020E03E402020
:10A4D000003F4020E83E4020FC3E4020F83E402027
:10A4E000EC3E402038B505460C46FBF763FF08B943
:10A4F000092038BDFBF752FFA04201D2092038BD28
:10A5000021462846FBF7B6FF08B1012038BDFBF70E
:10A51000B9FF002038BD10B5044604F0F1F981B24E
:10A520002046FFF7DFFF10BD10B5044604F0E8F940
:10A53000074B1A7883B29A4201D0002010BD1A4608
:10A540002146044803F048FFB0FA80F0400910BDEE
:10A55000DC3E4020BC3E4020012801D9032070474A
:10A560000023154A1370154A1370154B1B784BB115
:10A5700010B5044650B1134B1B78A3B1124B1C709D
:10A58000002010BD104B18700020704700F08AF9B1
:10A5900000B110BDFFF7BBFE0C4B1B78002BEDD1BB
:10A5A000FFF77AFFEAE7FFF7ADFE0020FFF7ABFE0B
:10A5B0000122044B1A70E1E7DC3E4020DD3E4020E2
:10A5C000F43E4020E53E402074034020EC3E402015
:10A5D00008B5114B1B7873B110480022C2541049C2
:10A5E00004F022F840B10F490C4804F01DF870B196
:10A5F0000D48FFF790FF08BDFFF7AEFF18B90B48F5
:10A60000FFF789FF08BD0A48FFF785FF08BD094825
:10A61000FFF781FF08BD00BFDC3E4020BC3E40206C
:10A62000B0434100E443410000444100BC434100C9
:10A63000C8434100F0434100014B1878704700BF08
:10A640007403402010B5144C206014480160144974
:10A650000A60144A1360144B029A1A60134B039A4F
:10A660001A600122124B1A70124B1B78934203D0CE
:10A67000114B1B786BB110BD104B1B78002BFAD11E
:10A68000FFF740FE0020FFF73EFE01220B4B1A7041
:10A6900010BDFFF701FFEEE7E83E4020003F4020FD
:10A6A000E03E4020F03E4020F83E4020FC3E40206E
:10A6B000F43E402074034020EC3E4020E53E402024
:10A6C000F8B52B4B1B783BB12A4B1B783BB10024D0
:10A6D000274E294D294F14E0F9F7A8F9F8BD28486D
:10A6E000FFF719FF0028F2D10122224B1A70EEE782
:10A6F0002B780BB300233B702B702248FFF70BFF26
:10A7000001343378012B1FD1E3B2072B1CD8FBF7A0
:10A710003DFDC8B1FBF79AFDC0B20D28E8D00A286C
:10A72000E6D02B78002BEBD13B781E2B0DD90123E3
:10A730002B7000233B70E3E7FFF74AFF00233B70D9
:10A740002B703378012BDBD0F8BD0F4AD054013386
:10A750003B700E48FFF7E8FE20B90D48FFF7E4FE16
:10A760000028CDD0FFF734FF00233B702B70C7E7E4
:10A7700074034020E43E4020DD3E4020DC3E40208B
:10A780001844410044444100BC3E4020B0434100D5
:10A79000E4434100074B1B78012B09D030B583B04F
:10A7A000DDE90645CDE90045F8F746FF03B030BDC9
:10A7B00000207047740340200FB400B5C3B0449A22
:10A7C000DAB1104B1B78012B05D0132043B05DF894
:10A7D00004EB04B0704745AB01934FF4807102A8BD
:10A7E00005F000F800280ADBB0F5807F28BFFF20C5
:10A7F00081B202A8FFF776FEE8E70320E6E7012032
:10A80000E4E700BF74034020094B1B6863B15A6939
:10A8100060B15AB110B50446184690472060002830
:10A820000CBF1420002010BD142070471420704766
:10A830000C3F4020094B1860094B1960094B1A70F6
:10A840000122094B1A700023084A1370084A13703A
:10A85000084A1370084A1360704700BF0C3F40203D
:10A86000043F4020083F40200A3F4020143F402042
:10A870000B3F4020093F4020103F4020064B1B78F3
:10A880004BB1064A136801331360054B1B7813B9AB
:10A890000122034B1A7070470B3F4020103F4020AD
:10A8A000093F402008B5144B1B78B3B1134B18680F
:10A8B00098B1134B1B7813B9124B1B78CBB1C368FB
:10A8C0009847034698B900220D490A700D490A704D
:10A8D0000D490A700D490A6009E00020084B187004
:10A8E000084B1870084B1870084B18600346184640
:10A8F00008BD0023FBE700BF0A3F40200C3F40207B
:10A900000B3F4020143F4020093F4020103F402093
:10A91000624B1B7803B970472DE9F04186B0FFF711
:10A920008BFE012840F098805D4B1B78002B40F097
:10A93000958001225A4B1A705A4B1868002800F073
:10A94000A680594B1B68002B00F0A380C368984772
:10A950000146002840F09E8004A8FFF755FF0146FD
:10A96000002840F08F80514E351F94362C4654F805
:10A97000041F0498436821F07F42490E984701461E
:10A9800000287FD1B442F2D102A8FFF73DFF014673
:10A9900000287FD1002755F8046F4FEA566826F04B
:10A9A0007F460298036804AA414698470446002857
:10A9B00057D1049BB3425CD10137262FEBD1394BE1
:10A9C0001868436898470146002863D110238DF822
:10A9D000103003238DF811308023ADF8123040235E
:10A9E000ADF8143000238DF816300C238DF8173095
:10A9F0002D4B1968002948D00B68002B45D06023E7
:10AA00008DF8083000238DF80930C0228DF80A2017
:10AA10008DF80B307F228DF80C208DF80D308DF8DD
:10AA20000E308DF80F300C6808230DEB030204A9DB
:10AA30001F480078A047014660BB1A4B186883681E
:10AA40009847014630BB01221A4B1A7000231A4A5C
:10AA500013701A4A136001E0FFF724FF06B0BDE847
:10AA6000F0810346424639461548FFF7A5FE2146C8
:10AA700010E000933346424639461248FFF79CFEE9
:10AA8000052107E00029E9D004E0142102E01421A7
:10AA900000E014210C48FFF78FFEDFE70A3F40205B
:10AAA000143F40200C3F4020043F4020E844410038
:10AAB000083F40200B3F4020093F4020103F4020EE
:10AAC0006044410090444100CC44410070B5A0B0C6
:10AAD000094D802422462946684603F0ADFC2E1914
:10AAE00022463146284603F0A7FC224669463046F6
:10AAF00003F0A2FC20B070BDF003402008B518B9E7
:10AB00000020FAF72BFC08BD0120FAF727FC08BD4E
:10AB10002DE9F04182B0884615461C46DDE90867FC
:10AB20000220FAF71BFCCDE9006722462946404681
:10AB300000F050FE32463B4621462846FFF79EFE77
:10AB4000FFF77AFD01280DD0CDE90067224629469E
:10AB50004046FFF71FFE68B90020FAF7FFFB02B07E
:10AB6000BDE8F081CDE9006722462946404600F065
:10AB7000D7FBE9E7024B1B689B6820469847EBE749
:10AB80001040402008B5FFF71DFB08BD2DE9F04F30
:10AB900087B0FFF7E3FAFAF737FC0020FAF7DEFB9D
:10ABA0009B4BDC8B07212046FFF70CF9082144F270
:10ABB0000810FFF707F9974B1A68053219460B681A
:10ABC0009A42FCD80DF1170144F20810FFF79AF9E8
:10ABD00008212046FFF7F6F89DF8179099F0010933
:10ABE00047D18D4B1B6813F01F0F03D18B4A937F06
:10ABF000013B93778A488B4B1860854A8A4B1A60D1
:10AC000002228A4B1A700321894B1970FEF72CFF20
:10AC1000864B1B78002B00F030820024824F4FF0CF
:10AC2000010ADFF80882C4EB041676003868214672
:10AC30003044F9F71FF90546172800F2B880DFE81D
:10AC400010F0D900B600B600B600B600B600B600E7
:10AC5000B600B600B600B600B600B600B600B60044
:10AC6000B600B600AE00D900B600B600B600B60019
:10AC7000B200704D704C0FCC28606960AA60EB6028
:10AC800003CC28616961644B1B6813F01F0F03D16B
:10AC90002A1F537E013B5376684A624B1A6068480C
:10ACA000614B18600122614B1A700222604B1A70CE
:10ACB000F9F7ACF830B15E4B19785A4B1868FEF7CB
:10ACC000D3FEA5E701215E48F9F76CF9554C2568DC
:10ACD00044F20710FFF744F8A863534B1B6844F293
:10ACE00007125A834FF6FF729A83514B19782068E6
:10ACF000FEF7BAFE4D4B1B78002B00F0BE810024FE
:10AD0000DFF824814F4EDFF874B1C4EB04177D00E7
:10AD1000AA46D8F800302B441A8B32805B8A7380A5
:10AD200033465A4648494948F6F742F8002800F0A9
:10AD3000A78047494548F5F741FE002800F0CB8041
:10AD4000444B4FF486421A80434A3F493F48F5F747
:10AD5000C7FE002800F01181D8F800301D443F499B
:10AD60002A8B4A8033F817300B803748F5F720FFDD
:10AD70003B493C48F5F774FF002800F03B81013463
:10AD8000E4B22A4B1B78A34240F27581012CBCD15E
:10AD9000022BBAD1FFF7C0F9FFF798FEB5E765209F
:10ADA000FAF7A4FA08E06620FAF7A0FA04E06820AF
:10ADB000FAF79CFA002D9DD02B4C4FF400530193D1
:10ADC0002A4B0093274B226820491F48FFF73AFC83
:10ADD00023681BB11B69002125489847254B18683B
:10ADE00028B1254B1A78204B1968FFF723FD07B0CF
:10ADF000BDE8F08F386851463044F9F7D3F8013494
:10AE0000E4B298F80030A3423FF60DAF72E700BFFE
:10AE100070064020B83E402040090E40900140207E
:10AE2000F0034020B43E40202C3F4020C06043202F
:10AE300038614320940140208C454100700540203A
:10AE4000AC0640201C3F40208401402030014020BF
:10AE500084454100283F402088454100183F40205C
:10AE6000A44541005C01402010404020C0404320E8
:10AE700011AB400014404320CA06402080454100E9
:10AE8000844C854D854B0193854B0093854B864AB9
:10AE900021462846F5F746FF2846F7F783FE834804
:10AEA000F9F7AEFD4FF4403281490020F9F760FD1B
:10AEB000804B1B689A44BAF81200FEF751FF7E4996
:10AEC000086000221046F9F777FD7C4B1D600022D8
:10AED0007B4B1A70D5E0774B1C682C44208B794B48
:10AEE0001880628A5A80A28A9A80B9F1000F25D010
:10AEF000754B764A126892691A60754C754D0293CB
:10AF0000704B0193744B0093664B674A2146284669
:10AF1000F5F716FD2846F7F73DFC6448F9F750FFB2
:10AF200005F1440205F158010020F9F72BFF4FF419
:10AF3000C0325F490020F9F7FDFEA2E00621FEF7CE
:10AF400041FF2821608AFEF73DFF644B1A680532F5
:10AF500019460B689A42FCD80DF11701608AFEF77A
:10AF6000D1FF9DF81730002BC2D1524B1B689A4479
:10AF7000BAF81620534B5A80BAE744F20C30FEF769
:10AF8000EFFE574C20604FF48A40FEF7E9FEE06088
:10AF900044F21310FEF7E4FEA06144F20450FEF701
:10AFA000DFFE60624F4D504B0093504B3E4A3D498F
:10AFB0002846F5F763FD2846F7F7F2FE3B48FAF717
:10AFC00069F900253A4E4FF002094FF4C048EFB23C
:10AFD000224649463846FAF73FF942463146384656
:10AFE000FAF71AF906F5404601350C34042DEED176
:10AFF0003F4C46E02F4D2B6853445889FEF7B0FE76
:10B000003C4C20602B6853449889FEF7A9FEE06011
:10B010002B685344D889FEF7A3FEA0612B689A449D
:10B02000BAF81000FEF79CFE6062334D334B344A91
:10B0300034492846F5F7ECFD2846F7F7A7FA1B48F0
:10B04000F9F75AFA00251A4EDFF8C0904FF4C048BD
:10B05000EFB2224649463846F9F730FA42463146C1
:10B060003846F9F705FA06F5404601350C34042D4B
:10B07000EED1244C05E0022B06D06420FAF736F915
:10B080000024214A146097E6FFF746F8FFF71EFDFB
:10B09000F3E700BFF4004020983F40201C3F4020D1
:10B0A000804541003001402084014020FDAA40003D
:10B0B000144040202C3F4020A8034020144043204F
:10B0C000CA064020203F4020B4034020B43E402028
:10B0D000080140201840432084454100B83E4020EC
:10B0E000C0034020C460432088454100283F4020E1
:10B0F0001C01402078034020303F4020A4454100FF
:10B100005C014020E000402010404020743F40207F
:10B1100008B5FFF745F8F9F7B7FBF9F7A3FDF9F71D
:10B1200005F9F9F7E1FFFFF7CBFAFFF7F1FB00F0C4
:10B130001BFB01F03DFCFAF777F908BDF0B41249AA
:10B1400001EBC011062700240025384603E0013733
:10B150000431202F15D0B1F91860002EB8BF764207
:10B16000B1F91A20002AB8BF5242D317921943EB03
:10B17000E6739D4208BF9442E9D214461D46384604
:10B18000E5E7F0BC704700BF78B444202DE9F04FEC
:10B190001746B1F5104F2CBF00210121002A14BF22
:10B1A0000A4641F00102002A5FD100285DD007F570
:10B1B0008047002605E0803706F59076B6F5104FFB
:10B1C00050D0A7F5804507F5804439460022530842
:10B1D00003EBC303334400EB030903F1030A00EB61
:10B1E0000A0C03F1060800EB080E10F803B099F8FA
:10B1F00001301B0943EA0B132B8099F801301B0225
:10B2000003F4706399F8029049EA03030B8010F885
:10B210000A909CF801301B0943EA091323809CF82B
:10B2200001301B0203F470639CF802C04CEA030374
:10B230006B8010F808C09EF801301B0943EA0C131C
:10B240004B809EF801301B0203F470639EF802E00D
:10B250004EEA030363800232043504310434402A89
:10B26000B5D1A8E70120BDE8F08F0020BDE8F08F40
:10B2700008B5204B1B7813B91F4B1B7803B108BDD1
:10B280000123002240211D4801F090FE50BB002206
:10B290001B4B1A601B4B1A701B4802704260012343
:10B2A000037242728272034623F80C2F00F58670F7
:10B2B000014623F8022F21F8022F8342F9D1124AC6
:10B2C0000023A2F80E32A2F81032104A13700622A0
:10B2D0000F490A600F490A600F4A13600122054BAB
:10B2E0001A70CCE70122044B1A700C48FFF764FA7D
:10B2F00008BD00BF51224420502244203C2244205B
:10B300004C22442069244420542244207CF44420CC
:10B31000D0064020CC06402078F44420B4454100BB
:10B3200008B338B50546B1F5104F1BD31446FFF7E7
:10B3300083F9012803D000220B4B1A7038BD0A4B49
:10B340001B787BB94FF410422946084803F074F883
:10B35000074B1C70074BDDE90401C3E90001012222
:10B36000014B1A7038BD7047692444206C24442076
:10B370006824442070B444202DE9F04FF3B0044613
:10B380000D46A94B1B78EBB114B3B5F5104F1FD385
:10B39000A64A29462046FFF7F9FEC8B1A44A136819
:10B3A00001331360072B13D9A24FA04B43F6FE7E47
:10B3B0009E4447F6FE789844DFF88C929E4E06F540
:10B3C000817542E0FFF754FF974B1B78002BDBD1D0
:10B3D00073B0BDE8F08F13F5004F01DB1BB213E033
:10B3E000964B11E013F5004F18DB1BB222F8023C1C
:10B3F00022F804ABAA4213D03EF8023F5B1A1B01AD
:10B40000B3F5004FE7DB634630F902BF03FB0BF3F4
:10B41000DB13B3F5004FE5DB6346E7E7874BE5E772
:10B420003146874801F0AAFD334606F180003A46CE
:10B43000198822F8021C598822F8041B043383421D
:10B44000F6D18037A646A04511D00EF18004734690
:10B45000002133F8022F1144A342FAD18909A9F13E
:10B460000200B21C47F6FF7C4FF0000AC4E705ACAF
:10B4700024AB25AD00220020002144F8042FE3E98D
:10B480000201AC42F9D106206F9000216C9100229C
:10B49000002366ADC5E9002370906D9168ADC5E9E4
:10B4A000002371906E916AA9C1E900237625654E4B
:10B4B0002846FFF743FE06AB53F82030013306AAB7
:10B4C00042F8203026AB03EBC00700EB451036F9FD
:10B4D00020100029B8BF494206EB8000B0F90220D5
:10B4E000002AB8BF5242D317521843EBE173D7E991
:10B4F000000180185941C7E900010135802DD7D1DD
:10B500000BAF32AE4FF0060E4FF0000A4FF0000BBB
:10B510004FF00008F446CDF814802246CDF810E034
:10B520001AE0D6E900AB9846CDF810C0D6E9000184
:10B53000CDE90001DDF8B0E19E4543D318D06D9907
:10B54000994267D322D06E998B4268D82CD00CF1E7
:10B55000010C0836974279D057F8043F9845E0D35C
:10B56000E4D1D6E900018B4508BF8245DED2D8E799
:10B5700066A9D1E90001DDE90045A94208BFA04262
:10B58000DDD2002105986CAC03941FE068A9D1E9D5
:10B590000001DDE90045A94208BFA042D3D2012144
:10B5A00004206DAC039411E06AA9D1E90001DDE942
:10B5B0000045A94208BFA042C9D2022108206EACB2
:10B5C00003941AE0002105986CAC0394709C71946C
:10B5D0006D9C6E940DF5D47968ACD4E90045C9E949
:10B5E000004551B96F9C7094CDF8B4E10DF5D07E53
:10B5F00066ACD4E90045CEE9004572AC204440F881
:10B600000CCC0398036004EBC101DDE9003441E98F
:10B610000C349CE7012104206DAC0394D6E7022191
:10B6200008206EAC0394E8E7512244203C6143209B
:10B630004C2244207AB444203C2144200080FFFF67
:10B640003C22442078B44420C8454100DDF810E095
:10B650003E4B1B78002B3DD101223C4B1A703C4BDA
:10B66000C3F800E03B4BC3F800E000223A4B1A60FD
:10B670007546002676242046FFF760FDA84208BFE5
:10B6800001360134802CF6D1344C01232370344A26
:10B690001268626023726572A6722246802322F8C5
:10B6A0000C3F304B03EB850304F586742146188864
:10B6B00022F8020F588821F8020F80339442F6D105
:10B6C000264BB3F80C21A3F80E22B3F80C22A3F8F2
:10B6D00010227DE61E4B1D68754534BFAEEB050399
:10B6E000A5EB0E03022B0FD96C9B062B13D9194B1C
:10B6F0001B68734516D0174BC3F800E00122164BA8
:10B700001A60134B1D68B4E7124BC3F800E0002227
:10B71000114B1A60ADE70F4BC3F800E000220E4B4F
:10B720001A60A6E70C4B1B68032B04D801330A4AA6
:10B730001360032BE5D9064BC3F800E0054BC3F8B3
:10B7400000E00022044B1A60DBE700BF7CF44420D9
:10B75000D0064020CC06402078F4442054224420D7
:10B760004C22442078B4442000B583B0FEF764FF37
:10B77000012805D000220C4B1A7003B05DF804FBC1
:10B78000094B1B78002BF8D00022074B1A70074B8F
:10B790001A78074BD3E90001CDE900014FF41041BD
:10B7A0000448FFF7E9FDE8E76924442068244420C1
:10B7B00070B444206C24442040B110B5044C4FF4C4
:10B7C0000572214602F038FE207810BD0020704737
:10B7D000542244207047B5EEC00AF1EE10FAF6EE9E
:10B7E000007AACBF30EE270A30EE670ABDEEC00A21
:10B7F00010EE100A704700003B4B00221A705A608E
:10B800001A725A729A729A81DA811A825A829A82CA
:10B810009A61DA611A625A629A62DA621A635A6348
:10B82000324A12689A63324A12889A87314A1278E9
:10B8300083F83E20304A1288A3F840202F4A12880D
:10B84000A3F842202E4A1288A3F844202D4A1288D9
:10B85000A3F846202C4A1288A3F848202B4B1A78CC
:10B860000AB12B4B1A78204B02F0010283F84A20D0
:10B87000284A1288A3F84C20274A1288A3F84E20A1
:10B88000264A1288A3F85020254A1288A3F852208D
:10B89000244A127883F85420234A1288A3F85A20A5
:10B8A000224A1288A3F85620214A127883F8582099
:10B8B000204A127883F859201F4A1288A3F85C2086
:10B8C0001E4A1288A3F85E201D4A1288A3F8602041
:10B8D0001C4A1288A3F862201B4A127883F864205D
:10B8E00083F86500704700BF54174520AC2E4520F3
:10B8F0007C1A4520511A4520721A4520581A4520B5
:10B90000681A4520521A4520621A4520761A4520A9
:10B910007A1A4520741A4520781A4520601A452065
:10B92000701A452083F444207EF4442080F444209F
:10B93000D406402084F44420C00445203817452014
:10B9400086F44420CC06452082F444200B4B1B781F
:10B950003F2B08D90A490A78013202F03F020A70E7
:10B96000013B064A1370074A1378013303F03F0383
:10B970001370024A1378013313707047C9064520CB
:10B98000CB064520CA06452010B400223D4B1A7054
:10B990003D4B1A7000233D490B603D490B603D490A
:10B9A0000B603D490A703D490B603D490B603D4BC2
:10B9B0001A703D4B03F13801002243F8042B8B42EF
:10B9C000FBD13A4B03F16801002243F8042B8B4270
:10B9D000FBD10022364B1A60364C221F36483749BD
:10B9E00004F6FC74002342F8043F40F8043F01F8D9
:10B9F000013FA242F7D10023314A1380314A13801C
:10BA0000314A1380314A1370314A1380314A13800E
:10BA1000314A1380314A1380314A1380314A13600E
:10BA2000314A1360314A1370314A1370314A13801E
:10BA3000314A1380314A1380314A1380314A1380CE
:10BA4000314A1380314A1370314A1370314A1370EE
:10BA5000314A1380314A13800121314A1170314A31
:10BA60001370314A1380314A1380314A1380314AAE
:10BA70001380314A1370314A1360314A13605DF804
:10BA8000044B7047501A45207DF444204C1A452041
:10BA9000B4304520B02E4520481A45204417452093
:10BAA0004C174520C806452088044520D01645205F
:10BAB000AC2E452088F44420CC064520AB2A4520F6
:10BAC0007E1A45207C1A4520A82A4520511A452077
:10BAD000721A4520581A4520681A4520521A4520E6
:10BAE000621A45205C1A45206C1A4520761A4520BA
:10BAF0007A1A4520741A4520781A4520601A452084
:10BB0000701A4520541A4520641A4520561A4520BB
:10BB1000661A452083F444207EF4442080F44420B7
:10BB2000D406402084F44420C00445203817452022
:10BB300086F44420CC06452082F44420C4044520E9
:10BB40003C17452038B52DED088BB0EE60BAF0EE0D
:10BB5000418AF0EE61AAB0EE42AAF0EE629AB0EE2F
:10BB6000439A534C0125257045686560457A2572D6
:10BB7000057A6572857AA572A1818189E181228227
:10BB80006382BDF93030A3829FED4A8A20EE080A15
:10BB9000FFF721FEA0612BEE080AFFF71CFEE06113
:10BBA00028EE880AFFF717FE20622AEE880AFFF7C0
:10BBB00012FE60622AEE080AFFF70DFEA06229EE6F
:10BBC000880AFFF708FEE06229EE080AFFF703FE85
:10BBD00020639FED390A28EE800AFFF7FCFD6063C1
:10BBE000364B1B68A363364B1B88A387354B1B78EA
:10BBF00084F83E30344B1B88A4F84030334B1B880C
:10BC0000A4F84230324B1B88A4F84430314B1B88D7
:10BC1000A4F84630304B1B88A4F848302F4B1A78D4
:10BC20000AB12F4B1A78224B02F0010283F84A2006
:10BC30002C4A1288A3F84C202B4A1288A3F84E20D5
:10BC40002A4A1288A3F85020294A1288A3F85220C1
:10BC5000284A127883F85420274A1288A3F85A20D9
:10BC6000264A1288A3F85620254A127883F85820CD
:10BC7000244A127883F85920234A1288A3F85C20BA
:10BC8000224A1288A3F85E20214A1288A3F8602075
:10BC9000204A1288A3F862201F4A127883F8642091
:10BCA0009DF8342083F86520BDEC088B38BD00BFBB
:10BCB0005417452000007A446D8EC443AC2E4520B5
:10BCC0007C1A4520511A4520721A4520581A4520E1
:10BCD000681A4520521A4520621A4520761A4520D6
:10BCE0007A1A4520741A4520781A4520601A452092
:10BCF000701A452083F444207EF4442080F44420CC
:10BD0000D406402084F44420C00445203817452040
:10BD100086F44420CC06452082F44420002B45D0F4
:10BD2000F0B58E465C1EA4B2013401EB84010026FE
:10BD3000B500471997ED007A2B1DC41894ED006AE1
:10BD400005F1080400EB040CDCED006A1544FEEC80
:10BD5000017A1344144467EE807A97ED040AD3ED18
:10BD6000005A20EE250A77EEC07A97ED050AD4ED49
:10BD7000005A20EE250A77EEC07AC5ED007AD3EDA1
:10BD8000005A27EE270A26EE257A30EE070A94EDB0
:10BD9000007A26EE877A30EE070AC4ED005AC3ED2A
:10BDA000007A0636B6B28E45C2D1F0BD9FED010ACB
:10BDB000704700BF000000000D4B1B881B1AC3F327
:10BDC000090398B110B4184481B20020094C03E073
:10BDD00001339BB2994207D0C3F30902A25C002A47
:10BDE000F6D0013080B2F3E75DF8044B704700BF36
:10BDF0007E1A4520AC2A4520034B5B5C0BB90348F7
:10BE0000704750F821007047C81945203F420F0085
:10BE1000444B1B7803B970472DE9F04F8FB0424B6C
:10BE20001B78012B0BD0022B69D0012B65D0002B86
:10BE30006BD0022B67D03D4D3D4B0D9302E03D4D45
:10BE40003D4B0D933D4B1C883D4B1B680B9321468E
:10BE50002846FFF7D1FF0C90611C89B22846FFF7F6
:10BE6000CBFF0646A11C89B22846FFF7C5FF07464F
:10BE7000E11C89B22846FFF7BFFF8046211D89B229
:10BE80002846FFF7B9FF8146611D89B22846FFF7B2
:10BE9000B3FF8246A11D89B22846FFF7ADFF834656
:10BEA000E11D89B22846FFF7A7FF264B1A780890B4
:10BEB000CDF81CB0CDF818A0CDF81490CDF81080B6
:10BEC000039702960C98019000940D9B0B991E48C5
:10BED000FEF772FC70B9194B1B8808339BB27F2B9D
:10BEE00017D8164A1380104B1B78022B02D9002258
:10BEF0000C4B1A700FB0BDE8F08F0C4DA0E7134D3E
:10BF0000134B0D939EE7094DFAE7084D114B0D9326
:10BF100098E70022094B1A80034A13780133137003
:10BF2000E1E700BFBC174520C6194520C4174520CE
:10BF300030484100B42E452020484100C419452016
:10BF4000C0174520BD17452038484100C80445208A
:10BF5000284841001848410030B4039C254D2D88E5
:10BF6000BF2D1BD9914219D3059A127872B1029A4A
:10BF7000128890428CBF821A121A92B21D2A0FD8D0
:10BF800022789A4210D2013222700DE0049B188070
:10BF90000123059A1370029A1080237030BC7047F9
:10BFA000029A108001222270C72988BF2370049A48
:10BFB000128890428CBF811A111A89B21D290ED99C
:10BFC00021789942EAD390420CD8101A80B21D28E9
:10BFD00094BF121A1D3A92B2049B1A80DEE7049BAA
:10BFE0001880DBE7801A80B21D2894BF12181D321A
:10BFF00092B2F1E7721A45202DE9F04F87B08146E1
:10C0000003910293BDF8400004900B46914228BF73
:10C010001346002B18BF00290CBF0125002500F096
:10C0200009811C464B080593834240F20481169B0C
:10C030001D7875B9179B1B78002B40F0FC800123FD
:10C040000022159800F0B2FF002851D10123169A62
:10C050001370039A002A00F09080814B511E89B220
:10C06000013103EB810100221A805A8004338B4294
:10C07000FAD1039BA34228BF23461A46002B7CD04B
:10C08000784B1C88A41AC4F3090404EB020E1FFAAF
:10C090008EFE254600200021C5F3090359F8233000
:10C0A000C01841EBE3710135ADB27545F4D192B2E0
:10C0B000002301F05FFF8246A0460122C8F3090376
:10C0C00059F82330A3EB0A03002BB8BF5B429A4216
:10C0D000B8BF1A4608F101081FFA88F84545EDD1A6
:10C0E000614D1046D117CDE900014FF0000B0FE074
:10C0F0000123179A13709EE010F5004F3BDB00B24E
:10C1000025F8020C25F804BB0134A4B2A04534D0B4
:10C11000C4F3090359F82330A3EB0A0E7246D31770
:10C120004FEA431C4FEA4E104CEADE61B0EB0E00C2
:10C1300061EB03014FEA810E4EEA907E4FEA800CDC
:10C140001CEB02004EEB03010F0147EA10770601DA
:10C15000301A67EB01010B0143EA1073020110462C
:10C160001946DDE9002301F005FFB0F5004FC3DB00
:10C1700047F6FF70C4E73D48C2E73949159800F01B
:10C18000FDFE0298049EB04259D800221446344D58
:10C1900006E0029022461C46013080B286420FD350
:10C1A000410035F91130013135F9111001FB01F170
:10C1B00003FB03139C42ECD39A4238BF1A46EBE7C9
:10C1C000119B0299198041F64C53059803FB01031A
:10C1D0000399B3FBF1F312990B80139B1C603CB3E2
:10C1E0002AB942F20F70149B1880012523E0002524
:10C1F000201945EB0501001969414F0147EAD06755
:10C200004601801979410019694154080023001939
:10C2100041F1000101F0FEFE42F20F7200238B4259
:10C2200008BF824202D242F20F70DCE780B2DAE746
:10C230000020D8E70025284607B0BDE8F08F119B05
:10C24000029A1A8041F64C53059903FB0213039A94
:10C25000B3FBF2F3129A13800020139B1860C2E71D
:10C26000801A45207E1A4520821A45200080FFFF53
:10C27000F0B52DED028B8BB0F0EE608A0646904B48
:10C280001D88B5F5806F0AD38E4B1B888E4AD35C10
:10C290002BB18E4B1B8813B1013B8C4A1380894B09
:10C2A0001C889FED8B8A20EE080AFFF794FA894BD1
:10C2B00043F8240028EE880AFFF78DFA864B43F8EE
:10C2C0002400814B1E553EB1804B1B88B3F5806F17
:10C2D00002D201337D4A13800134C4F30904794B3F
:10C2E0001C80B5F5806F02D20135754B1D807B4AED
:10C2F0001368013313600023ADF82430ADF8263005
:10C300006F4B1B88FF2B1AD8002275490A7075499C
:10C310000A8075490A8075490A80002274490A70AA
:10C3200074490A8074490B80012374490B70744965
:10C330000B70744B1A700BB0BDEC028BF0BD4FF458
:10C340008070FFF739FD674B18806F4F07976F4E6E
:10C3500006966F4C0594644B04936E4B03936E4B9F
:10C3600002936E4B01930C23009303234FF48072CE
:10C3700011465848FFF740FE054607970696059474
:10C380005A4B0493664B0393664B0293664B01939F
:10C390002823009311234FF4807211464E48FFF773
:10C3A0002BFE044605EA00024D4B1A70002D4CD1BD
:10C3B000002C5BD1424B1B88FF2BAED9B3F5007F1D
:10C3C00065D34FF400744C4B1C802046FFF7F4FCFF
:10C3D000484B18800022494B1A700122484B1A70B2
:10C3E0002246524F0797524E0696524D059509AB7D
:10C3F0000493514B0393514B0293514B01933123BF
:10C40000009309234FF480613248FFF7F5FD04469D
:10C41000394B1A880797069605950DF12603049364
:10C42000484B0393484B0293484B0193A32300933B
:10C4300042234FF480612848FFF7DEFD2040C0B260
:10C440002B4B18702F4B187075E7274B1988324B00
:10C4500018883F4B03933F4B02933F4B01933F4B55
:10C46000009302237322FFF777FDA1E71F4B198882
:10C470002C4B18883A4B03933A4B02933A4B019357
:10C480003A4B009303237322FFF766FD92E74FF4C4
:10C490008070194B1880FFF78FFC164B1880012312
:10C4A000164A1370164A1370BF2805D80023104A85
:10C4B0001370144A13703EE74FF4807291E700BF87
:10C4C0007C1A45207E1A4520AC2A4520A82A452002
:10C4D00000007A4488F44420D0064520AC2E452044
:10C4E000511A4520721A4520601A4520701A4520BD
:10C4F00083F444207EF4442080F44420D406402079
:10C5000084F4442082F44420942A4520952A45202E
:10C51000982A45205C1A4520521A4520581A452071
:10C520006C1A4520621A4520681A4520802A452049
:10C53000812A4520842A4520C404452086F44420CD
:10C54000C00445203C174520CC064520381745201F
:10C55000761A4520741A4520561A4520541A45204B
:10C560007A1A4520781A4520661A4520641A452013
:10C570000C4B1B7803B1704710B500240A4B1C709C
:10C580000A4B1C60FFF700FA0120FFF735F9084B52
:10C590001C70084B1C70084B1C700122014B1A7058
:10C5A00010BD00BF401745204817452050174520B3
:10C5B000CA064520CB064520C906452070B5FFF7C1
:10C5C000D7FF0024164B1C70164B1C60FFF7DCF9DC
:10C5D000154B1C70154B1C60154B1C70154B1C70BB
:10C5E000154B1C80154D2A1F154C1648164905F58C
:10C5F000FE75164B002642F8043F44F8043F40F80D
:10C60000043F01F8016FAA42F5D10023104A1370CC
:10C61000104A1370104A13700120FFF7EDF870BD37
:10C620004817452050174520BC174520C017452006
:10C63000BD174520C6194520C4194520C4174520FB
:10C64000B02E4520C4044520C71945203F420F00A5
:10C65000CA064520CB064520C9064520F0B52DED7C
:10C66000068B83B00446FFF783FF0CB1237833B900
:10C670000120FFF7C1F803B0BDEC068BF0BDA58922
:10C68000802D28BF80257F2D2FD9B4F90C61B4F9F6
:10C690000C7207EE906AF8EEE76A07EE907AB8EE51
:10C6A000E77A66EEA67A27EE076A77EE867A9FED3E
:10C6B000A96AF4EEC67AF1EE10FA2ED50022A64B46
:10C6C0001A700320FFF798F8A44B62685A60627AE8
:10C6D0001A72227A5A72A27A9A727F229A81DD8124
:10C6E0005E829F82FFF732F9C5E70320FFF784F8E7
:10C6F0009A4B62685A60627A1A72227A5A72A27AE5
:10C700009A727F229A81DD81B4F80E225A82B4F89F
:10C7100010229A82FFF71AF9ADE716EE901A17EE7B
:10C72000100A00F00BFD08EE900A8D4B1B78002BD1
:10C7300000F0E580637A8B4A12789A4200F0DD803F
:10C74000884A1370884B18600022834B1A700625A4
:10C75000854BD3ED007A78EEE77A9FED847AF4EE9C
:10C76000C77AF1EE10FA0BDC9FED817AF4EEC77A0E
:10C77000F1EE10FA08D59FED7F7A77EE877A03E025
:10C780009FED7C7A77EEC77AB0EEE77AF7EE006A33
:10C79000B4EEE67AF1EE10FA3EDD6F4B1B78032B18
:10C7A00032D80133DBB26C4A1370032B2CD8072527
:10C7B000714BD3ED009A714BD3ED007A79EEE79A85
:10C7C000EB1FDBB2012B7ED99FED6D9AB0EE49AA2B
:10C7D000B0EE498A684BD3ED000A01950097B0EEA0
:10C7E000493AF0EE4A2AB0EE482ADFED651AB0EE7B
:10C7F000691AB0EE680A334601227F212046FFF70E
:10C80000A1F9FFF7A3F836E7574BC3ED008A0022E2
:10C81000514B1A700825CBE7574B93ED008A77EE02
:10C82000887AC3ED007A504BC3ED008A00224A4B50
:10C830001A70002D36D1514B93ED008A9FED517A3D
:10C8400028EE078A9FED507A27EE877A38EE078A1E
:10C8500083ED008A37EEC88A02234C4A4C494D4882
:10C86000B0EE480AFFF75AFAB0EE40AA04234A4A4B
:10C870004A494B48B0EE480AFFF750FAB0EE409AEA
:10C88000484B83ED00AA484B83ED000A0120474B3B
:10C890001870F0EE400AB0EE4A0AFFF7E9FCF0EE3D
:10C8A000489A97E7344B93ED008A344BD3ED007AE6
:10C8B00038EE678A002DCFD0062D18BFF0EE489ACB
:10C8C0007FF47EAFC8E7394B1B7833B99FED2C9AC4
:10C8D000B0EE49AAB0EE498A7CE7324B93ED00AA4C
:10C8E000314B93ED009A0020F0EE490AB0EE4A0A6F
:10C8F000FFF7BEFC9FED228A6CE7002528E70122A6
:10C90000174B1A70617A174B1970174B1860DFEDCF
:10C910001C0A194BC3ED000A184BC3ED000A002195
:10C920000D4B1970042301930097B0EE603AF0EEBE
:10C93000602AB0EE602AF0EE601AB0EE601A00EEE7
:10C94000100A33467F212046FFF7FCF8FEF7FEFF72
:10C9500091E600BF00008042481A45205417452048
:10C96000501A45207DF444204C1A4520DB0F4940E5
:10C97000DB0F49C0DB0FC940B4304520B02E452045
:10C980000000000052B87E3F0AD7A33B8804452030
:10C990009847410068474100D016452004484100AF
:10C9A000A4474100441745204C174520C8064520A0
:10C9B0002DE9F047ADF5187DFFF7DAFDFDF73CFEF8
:10C9C000012805D0FFF7FAFD0DF5187DBDE8F087C9
:10C9D000FFF71EFA13A8FEF7EFFE0028F4D0584B1D
:10C9E0001B7823B1149A574B1B689A42ECD0012252
:10C9F000534B1A70149A534B1A6013A8FFF72EFE6C
:10CA0000514B1B7813B9FFF703FADDE74E4B93F850
:10CA10005430002B40F087804FF0000CE0464A4B2A
:10CA200093F83E30002B40F084804FF00009CA4656
:10CA300045484168027A837A90F8650008281ED834
:10CA4000DFE800F02005080B0E1114171A00DFF8BC
:10CA50000CE119E0DFF808E116E0DFF808E113E087
:10CA6000DFF804E110E0DFF804E10DE0DFF800E1B9
:10CA70000AE0DFF800E107E0DFF8FCE004E0DFF8BF
:10CA8000FCE001E0DFF8F8E02F4890F864402F4820
:10CA90002F4F012C18BF07462B4CB4F844001190BF
:10CAA000B4F842001090B4F85E000F90B4F85C0047
:10CAB0000E902848A0FB0A56F60806EB8605AAEB5E
:10CAC0004505ADB20D950C96A0FB0956F60806EB90
:10CAD0008605A9EB4505ADB20B950A96A0FB085655
:10CAE000F60806EB8605A8EB4505ADB20995089654
:10CAF000A0FB0C50C00800EB8005ACEB4505ADB2C7
:10CB000007950690B4F856000590B4F85A000490C2
:10CB1000A06B03900297CDF804E00A2000900E4825
:10CB2000FDF74AFE6FE7084BB3F860C0B3F86280C8
:10CB300075E7054BB3F84690B3F848A078E700BF17
:10CB4000481745205017452054174520BC46410042
:10CB5000B8464100CDCCCCCCC44641004C46410047
:10CB600058464100644641006C4641007846410009
:10CB7000884641009C464100A8464100304841009B
:10CB8000484641002DE9F00F8B4688B049080790D0
:10CB900004929A46059100F0EC80DF00059B014667
:10CBA0004FEA8A091046CDF804A00A1DDDF814A04A
:10CBB0009900079B002652F804CC53F801804FEAF5
:10CBC0006C054FEA68042D0C4CF34E0C240C48F312
:10CBD0004E081FFA8CFC24042D041FFA88F848EA3A
:10CBE00004084CEA05050468D5FA18FC95FA28F5FE
:10CBF00042F8045C24FB0CF544FB1CF4240C2404D4
:10CC000044EA15445C50D3F804C052F801804FEA5E
:10CC10006C054FEA68042D0C4CF34E0C240C48F3C1
:10CC20004E081FFA8CFC24042D041FFA88F848EAE9
:10CC300004084CEA050550F80940D5FA18FC95FAA5
:10CC400028F55D6024FB0CF544FB1CF4240C240443
:10CC5000023644EA1544B2455450384403F10803FF
:10CC600002F10802A7D8DDF804A005994FEA4A0AA4
:10CC70001FFA8AFA0229CDF818A040F2828088466D
:10CC80005FEA5802029244D0069B9000079A4FF048
:10CC9000000A9B004FEA8801D14603934FEA4808F7
:10CCA0000192049BCB4553F80A2028D9019B4D469D
:10CCB0001E681F58D6FA17F496FA27F61E6022FB54
:10CCC00004F642FB14F4240C240444EA16441C50D9
:10CCD0005C185F5854F800C0D7FA1CF697FA2CF786
:10CCE0005F5022FB06F742FB16F31B0C1B04454466
:10CCF00043EA1743AB45235004EB0103D8D8039A0A
:10CD0000019B9244029A09F1010904339145019370
:10CD1000C7D10699059A4B0052089BB2022A059288
:10CD2000069302D9DDF80880AAE7029B5808194645
:10CD3000079B4FEAC10C8A004FEA4108800000219E
:10CD40001C681D58D4FA15F694FA15F41C601E5090
:10CD50001C189D58A658D5FA16F795FA16F54144B1
:10CD60008B459D50A7506344EAD808B0BDE8F00F4A
:10CD70007047BBF1000FF8D0059B02931846194687
:10CD8000D6E702910B46D1E72DE9F00F88B0049267
:10CD90004A088B4607909A46059200F0E9800346C0
:10CDA0001A1D059B4FEACA0799004FEA8A09CDF878
:10CDB00004A00498079BDDF814A0002652F804CCC8
:10CDC00053F801804FEA6C054FEA68042D0C4CF3D0
:10CDD0004E0C240C48F34E081FFA8CFC24042D043E
:10CDE0001FFA88F848EA04084CEA05050468D5FAF1
:10CDF00018FC95FA28F542F8045C44FB0CF524FB7A
:10CE00001CF4240C240444EA15445C50D3F804C0F8
:10CE100052F801804FEA6C054FEA68042D0C4CF380
:10CE20004E0C240C48F34E081FFA8CFC24042D04ED
:10CE30001FFA88F848EA04084CEA050550F809404A
:10CE4000D5FA18FC95FA28F55D6044FB0CF524FB37
:10CE50001CF4240C2404023644EA1544B245545010
:10CE6000384403F1080302F10802A7D8DDF804A052
:10CE7000059A4FEA4A0A1FFA8AFA022ACDF818A040
:10CE80007AD990465FEA5803029345D01A46069B2A
:10CE90004FF0000A9B000393079B4FEA8801D1469D
:10CEA00090004FEA48080193049BCB4553F80A20B1
:10CEB00028D9019B4D461E681F58D6FA17F496FADA
:10CEC00027F61E6042FB04F622FB14F4240C240413
:10CED00044EA16441C505C185F5854F800C0D7FA56
:10CEE0001CF697FA2CF75F5042FB06F722FB16F36D
:10CEF0001B0C1B04454443EA1743AB45235004EB8A
:10CF00000103D8D8039A019B9244029A09F10109BE
:10CF1000043391450193C7D1069A5300059A9BB2F9
:10CF20005208022A0592069302D9DDF80880A9E783
:10CF3000029A5FEA520C1BD0DDF81C8096004FEA83
:10CF40008C0400279146BB450DD943463A461968E3
:10CF50001859D1FA10F591FA10F14A449345196025
:10CF60001D513344F3D80137674508F10408EAD16D
:10CF700008B0BDE8F00F70470292DAE770B5837829
:10CF80000446012B0D46084662682188A38909D012
:10CF9000FFF7F8FD28462188E289A368BDE87040C4
:10CFA00000F098B8FFF7F0FEF4E700BF10B43F4C74
:10CFB000B1F5807F8270C370018044605CD013D96A
:10CFC000B1F5806F62D040D9B1F5006F26D0B1F5D0
:10CFD000805F65D1364A012382608381C38100204E
:10CFE00040B25DF8044B704720293BD020D940293E
:10CFF0000BD0802954D12F4A202382608381C381A2
:10D00000002040B25DF8044B70472B4B8181C181F9
:10D010008360002040B25DF8044B7047274A02232A
:10D0200082608381C381002040B25DF8044B704769
:10D03000102935D1224A4FF4807382608381C381E5
:10D04000002040B25DF8044B7047B1F5007F27D156
:10D050001C4A082382608381C381002040B25DF8AE
:10D06000044B7047184A802382608381C38100206B
:10D0700040B25DF8044B7047144A102382608381EC
:10D08000C381002040B25DF8044B7047104A04236E
:10D0900082608381C381002040B25DF8044B7047F9
:10D0A000FF2040B25DF8044B704700BF804841004C
:10D0B00080784100BE784100FE78410082784100CE
:10D0C0007E7A41008E7841007E7941009E78410051
:10D0D000867841002DE9F00F490800264FEA420BFF
:10D0E00001F10108A1F1020C044600EB810735466D
:10D0F00013E0B5420FD9D4F808A050F8252005EB6D
:10D100000809A26040F825A0D7F80CA050F8292003
:10D11000FA6040F829A0083408370D4450F825205B
:10D12000D4F8049002366260664540F825901D8868
:10D130005B44DED9BDE8F00F704700BF00F000B8D7
:10D14000F8B50C4621F00041B1F1FF4F034614DC65
:10D1500020F00046B6F1FF4F07460EDCB4F17E5FCB
:10D160003DD0A51705F0020545EAD07556B9022D48
:10D1700030D0032D30D13248F8BD1946204600F09A
:10D180002BFCF8BD01B3B1F1FF4F2CD0B6F1FF4F2E
:10D190001AD0711AC9153C291ADC002C39DB21463A
:10D1A000184600F0D5FD00F073F900F05BF8012D92
:10D1B0002CD0022D22D0002D2FD0224900F00CFCC3
:10D1C000214900F007FCF8BD002F06DB1F48F8BD21
:10D1D0001E48ECE71C48F8BDF8BD1D48F8BDBDE889
:10D1E000F84000F03FB8B6F1FF4F17D0022DF1D054
:10D1F000032DC0D0012D19D00020F8BD114900F039
:10D20000EBFB0146104800F0E5FBF8BD00F10040E3
:10D21000F8BD3C31C3DA0020C9E7F8BD022D0CD0BF
:10D22000032D08D0012D04D00A48F8BD4FF000406E
:10D23000F8BD0948F8BD0948F8BD0948F8BD00BF68
:10D24000DB0F49C02EBDBB33DB0F4940DB0FC93FAD
:10D25000DB0FC9BFDB0F493FDB0F49BFE4CB16C073
:10D26000E4CB16402DE9F04120F00045B5F1A14F87
:10D270000446064608DBB5F1FF4F6FDC002840F39B
:10D28000A0806F48BDE8F0816E4B9D4277DCB5F120
:10D29000445F68DB4FF0FF372146204600F0A4FCD6
:10D2A0000146804600F0A0FC6749054600F09CFC62
:10D2B000664900F091FB294600F096FC644900F0B5
:10D2C0008BFB294600F090FC624900F085FB294663
:10D2D00000F08AFC604900F07FFB294600F084FCE6
:10D2E0005E4900F079FB414600F07EFC5C498046D7
:10D2F000284600F079FC5B4900F06CFB294600F001
:10D3000073FC594900F066FB294600F06DFC574953
:10D3100000F060FB294600F067FC554900F05AFB1D
:10D32000294600F061FC7B1C014640464CD000F0D1
:10D3300053FB214600F058FC4E4B4F4D53F827103D
:10D3400000F048FB214600F045FB014655F8270058
:10D3500000F040FB002E30DBBDE8F081014600F01C
:10D360003BFBBDE8F081454900F036FB4FF07E51B4
:10D3700000F0F6FD00288DD02046BDE8F08100F0D9
:10D3800087F83F4B9D42044629DCA3F5D0039D421C
:10D3900044DC014600F020FB4FF07E5100F01AFB08
:10D3A0004FF080410546204600F016FB0146284616
:10D3B00000F0CEFC002704466EE700F10040BDE817
:10D3C000F0813048BDE8F08100F006FB214600F016
:10D3D0000BFC0146204600F0FDFABDE8F0812A4B27
:10D3E0009D4214DC4FF07F5100F0F4FA4FF07F5172
:10D3F0000546204600F0F8FB4FF07E5100F0ECFAB5
:10D400000146284600F0A4FC0227044644E70146F2
:10D410001E4800F09DFC032704463DE74FF07E5177
:10D4200000F0D8FA4FF07E510546204600F0D4FABD
:10D430000146284600F08CFC012704462CE700BF7B
:10D44000DB0FC93FFFFFDF3ED769853C59DA4B3D13
:10D45000356B883D6E2EBA3D2549123EABAAAA3ED9
:10D4600021A215BD6BF16E3D95879D3D388EE33D44
:10D47000CDCC4C3E9080410080804100CAF2497181
:10D48000FFFF973FDB0FC9BFFFFF1B40000080BFBE
:10D4900020F00040704700BF70B54FF0FF0C4CF417
:10D4A000E06C1CEA11541DBF1CEA135594EA0C0FE2
:10D4B00095EA0C0F00F0DEF82C4481EA030621EA1D
:10D4C0004C5123EA4C5350EA013518BF52EA033558
:10D4D00041F4801143F4801338D0A0FB02CE4FF00A
:10D4E0000005E1FB02E506F00042E0FB03E54FF03A
:10D4F0000006E1FB03569CF0000F18BF4EF0010E32
:10D50000A4F1FF04B6F5007F64F5407404D25FEA2D
:10D510004E0E6D4146EB060642EAC62141EA5551E0
:10D520004FEAC52040EA5E504FEACE2EB4F1FD0C22
:10D5300088BFBCF5E06F1ED8BEF1004F08BF5FEAA0
:10D54000500E50F1000041EB045170BD06F0004652
:10D5500046EA010140EA020081EA0301B4EB5C04FF
:10D56000C2BFD4EB0C0541EA045170BD41F48011F7
:10D570004FF0000E013C00F3AB8014F1360FDEBF1C
:10D58000002001F0004170BDC4F10004203C35DAF8
:10D590000C341BDC04F11404C4F1200500FA05F37B
:10D5A00020FA04F001FA05F240EA020001F000421C
:10D5B00021F0004110EBD37021FA04F642EB060192
:10D5C0005EEA430E08BF20EAD37070BDC4F10C04BC
:10D5D000C4F1200500FA04F320FA05F001FA04F280
:10D5E00040EA020001F0004110EBD37041F100016C
:10D5F0005EEA430E08BF20EAD37070BDC4F1200577
:10D6000000FA05F24EEA020E20FA04F301FA05F2DE
:10D6100043EA020321FA04F001F0004121FA04F286
:10D6200020EA020000EBD3705EEA430E08BF20EA56
:10D63000D37070BD94F0000F0FD101F00046400090
:10D6400041EB010111F4801F08BF013CF7D041EA12
:10D65000060195F0000F18BF704703F00046520016
:10D6600043EB030313F4801F08BF013DF7D043EAE7
:10D670000603704794EA0C0F0CEA135518BF95EA9D
:10D680000C0F0CD050EA410618BF52EA4306D1D124
:10D6900081EA030101F000414FF0000070BD50EA43
:10D6A000410606BF1046194652EA430619D094EACD
:10D6B0000C0F02D150EA013613D195EA0C0F05D1B7
:10D6C00052EA03361CBF104619460AD181EA03010B
:10D6D00001F0004141F0FE4141F470014FF00000C3
:10D6E00070BD41F0FE4141F4780170BD70B54FF05E
:10D6F000FF0C4CF4E06C1CEA11541DBF1CEA1355DE
:10D7000094EA0C0F95EA0C0F00F0A7F8A4EB0504BF
:10D7100081EA030E52EA03354FEA013100F08880B6
:10D720004FEA03334FF0805545EA131343EA12637F
:10D730004FEA022245EA111545EA10654FEA002634
:10D740000EF000419D4208BF964244F1FD0404F5ED
:10D75000407402D25B084FEA3202B61A65EB030549
:10D760005B084FEA32024FF480104FF4002CB6EB06
:10D77000020E75EB030E22BFB61A754640EA0C0086
:10D780005B084FEA3202B6EB020E75EB030E22BFC6
:10D79000B61A754640EA5C005B084FEA3202B6EB07
:10D7A000020E75EB030E22BFB61A754640EA9C00C6
:10D7B0005B084FEA3202B6EB020E75EB030E22BF96
:10D7C000B61A754640EADC0055EA060E18D04FEA54
:10D7D000051545EA16754FEA06164FEAC30343EAF4
:10D7E00052734FEAC2025FEA1C1CC0D111F4801FC1
:10D7F0000BD141EA00014FF000004FF0004CB6E7BA
:10D8000011F4801F04BF01430020B4F1FD0C88BF58
:10D81000BCF5E06F3FF6AFAEB5EB030C04BFB6EB63
:10D82000020C5FEA500C50F1000041EB045170BD56
:10D830000EF0004E4EEA113114EB5C04C2BFD4EB83
:10D840000C0541EA045170BD41F480114FF0000E07
:10D85000013C90E645EA060E8DE60CEA135594EA83
:10D860000C0F08BF95EA0C0F3FF43BAF94EA0C0F86
:10D870000AD150EA01347FF434AF95EA0C0F7FF4FB
:10D8800025AF104619462CE795EA0C0F06D152EA4F
:10D8900003353FF4FDAE1046194622E750EA410633
:10D8A00018BF52EA43067FF4C5AE50EA41047FF444
:10D8B0000DAF52EA43057FF4EBAE12E74FF0FF3CA9
:10D8C00006E000BF4FF0010C02E000BF4FF0010C7A
:10D8D0004DF804CD4FEA410C7FEA6C5C4FEA430CF3
:10D8E00018BF7FEA6C5C1BD001B050EA410C0CBF42
:10D8F00052EA430C91EA030F02BF90EA020F0020A4
:10D90000704710F1000F91EA030F58BF994208BF0A
:10D9100090422CBFD8176FEAE37040F001007047C7
:10D920004FEA410C7FEA6C5C02D150EA013C07D11E
:10D930004FEA430C7FEA6C5CD6D152EA033CD3D069
:10D940005DF8040B704700BF8446104662468C4663
:10D950001946634600E000BF01B5FFF7B7FF002896
:10D9600048BF10F1000F01BD4DF808EDFFF7F4FFBF
:10D970000CBF012000205DF808FB00BF4DF808ED4A
:10D98000FFF7EAFF34BF012000205DF808FB00BF6D
:10D990004DF808EDFFF7E0FF94BF012000205DF88F
:10D9A00008FB00BF4DF808EDFFF7CEFF94BF012044
:10D9B00000205DF808FB00BF4DF808EDFFF7C4FF3D
:10D9C00034BF012000205DF808FB00BF80F000405C
:10D9D00002E000BF81F0004142001FBF5FEA410347
:10D9E00092EA030F7FEA226C7FEA236C6AD04FEA47
:10D9F0001262D2EB1363C1BFD2184140484041408C
:10DA0000B8BF5B42192B88BF704710F0004F40F43D
:10DA1000000020F07F4018BF404211F0004F41F459
:10DA2000000121F07F4118BF494292EA030F3FD025
:10DA3000A2F1010241FA03FC10EB0C00C3F1200338
:10DA400001FA03F100F0004302D5494260EB4000C7
:10DA5000B0F5000F13D3B0F1807F06D340084FEA32
:10DA6000310102F10102FE2A51D2B1F1004F40EB27
:10DA7000C25008BF20F0010040EA0300704749008F
:10DA800040EB000010F4000FA2F10102EDD1B0FA5A
:10DA900080FCACF1080CB2EB0C0200FA0CF0AABF4F
:10DAA00000EBC25052421843BCBFD04018437047ED
:10DAB00092F0000F81F4000106BF80F400000132F3
:10DAC000013BB5E74FEA41037FEA226C18BF7FEACA
:10DAD000236C21D092EA030F04D092F0000F08BF0C
:10DAE0000846704790EA010F1CBF0020704712F0F3
:10DAF0007F4F04D1400028BF40F00040704712F132
:10DB000000723CBF00F50000704700F0004343F096
:10DB1000FE4040F4000070477FEA226216BF0846CC
:10DB20007FEA23630146420206BF5FEA412390EA8F
:10DB3000010F40F4800070474FF0000304E000BF85
:10DB400010F0004348BF40425FEA000C08BF704736
:10DB500043F0964301464FF000001CE050EA0102FA
:10DB600008BF70474FF000030AE000BF50EA01020F
:10DB700008BF704711F0004302D5404261EB4101FC
:10DB80005FEA010C02BF84460146002043F0B64321
:10DB900008BFA3F18053A3F50003BCFA8CF2083A46
:10DBA000A3EBC25310DB01FA02FC634400FA02FC4F
:10DBB000C2F12002BCF1004F20FA02F243EB020056
:10DBC00008BF20F00100704702F1200201FA02FCB8
:10DBD000C2F1200250EA4C0021FA02F243EB0200AB
:10DBE00008BF20EADC7070474FF0FF0C1CEAD052EF
:10DBF0001EBF1CEAD15392EA0C0F93EA0C0F6FD0B0
:10DC00001A4480EA010C400218BF5FEA41211ED08D
:10DC10004FF0006343EA501043EA5111A0FB013179
:10DC20000CF00040B1F5000F3EBF490041EAD3714E
:10DC30005B0040EA010062F17F02FD2A1DD8B3F1CA
:10DC4000004F40EBC25008BF20F00100704790F039
:10DC5000000F0CF0004C08BF49024CEA502040EA8B
:10DC600051207F3AC2BFD2F1FF0340EAC250704751
:10DC700040F400004FF00003013A5DDC12F1190F8F
:10DC8000DCBF00F000407047C2F10002410021FA01
:10DC900002F1C2F1200200FA02FC5FEA310040F119
:10DCA000000053EA4C0308BF20EADC70704792F092
:10DCB000000F00F0004C02BF400010F4000F013ACA
:10DCC000F9D040EA0C0093F0000F01F0004C02BFC5
:10DCD000490011F4000F013BF9D041EA0C018FE734
:10DCE0000CEAD15392EA0C0F18BF93EA0C0F0AD03A
:10DCF00030F0004C18BF31F0004CD8D180EA010060
:10DD000000F00040704790F0000F17BF90F0004FF8
:10DD1000084691F0000F91F0004F14D092EA0C0FDA
:10DD200001D142020FD193EA0C0F03D14B0218BF6D
:10DD3000084608D180EA010000F0004040F0FE40B3
:10DD400040F40000704740F0FE4040F4400070474F
:10DD50004FF0FF0C1CEAD0521EBF1CEAD15392EACE
:10DD60000C0F93EA0C0F69D0A2EB030280EA010CBE
:10DD700049024FEA402037D04FF0805343EA111157
:10DD800043EA10130CF000408B4238BF5B0042F1B5
:10DD90007D024FF4000C8B4224BF5B1A40EA0C005A
:10DDA000B3EB510F24BFA3EB510340EA5C00B3EB8C
:10DDB000910F24BFA3EB910340EA9C00B3EBD10F7A
:10DDC00024BFA3EBD10340EADC001B0118BF5FEACC
:10DDD0001C1CE0D1FD2A3FF650AF8B4240EBC250F5
:10DDE00008BF20F0010070470CF0004C4CEA5020B6
:10DDF0007F32C2BFD2F1FF0340EAC250704740F405
:10DE000000004FF00003013A37E792F0000F00F0F6
:10DE1000004C02BF400010F4000F013AF9D040EA74
:10DE20000C0093F0000F01F0004C02BF490011F408
:10DE3000000F013BF9D041EA0C0195E70CEAD15300
:10DE400092EA0C0F08D142027FF47DAF93EA0C0FE7
:10DE50007FF470AF084676E793EA0C0F04D14B02CB
:10DE60003FF44CAF08466EE730F0004C18BF31F07D
:10DE7000004CCAD130F000427FF45CAF31F0004377
:10DE80007FF43CAF5FE700BF4FF0FF3C06E000BF10
:10DE90004FF0010C02E000BF4FF0010C4DF804CD33
:10DEA0004FEA40024FEA41037FEA226C18BF7FEA43
:10DEB000236C11D001B052EA530C18BF90EA010F45
:10DEC00058BFB2EB030088BFC81738BF6FEAE170D4
:10DED00018BF40F0010070477FEA226C02D15FEA70
:10DEE000402C05D17FEA236CE4D15FEA412CE1D0DC
:10DEF0005DF8040B704700BF844608466146FFE7A3
:10DF00000FB5FFF7C9FF002848BF10F1000F0FBD84
:10DF10004DF808EDFFF7F4FF0CBF012000205DF87D
:10DF200008FB00BF4DF808EDFFF7EAFF34BF012002
:10DF300000205DF808FB00BF4DF808EDFFF7E0FF9B
:10DF400094BF012000205DF808FB00BF4DF808EDEC
:10DF5000FFF7D2FF94BF012000205DF808FB00BF4F
:10DF60004DF808EDFFF7C8FF34BF012000205DF831
:10DF700008FB00BF7BB972B90029BEBF00204FF07B
:10DF8000004106E008BF00281CBF6FF000414FF0C1
:10DF9000FF3000F0C5B9ADF1080C6DE904CE0029E1
:10DFA00009DB002B1ADB00F04DF8DDF804E0DDE9B9
:10DFB000022304B07047404261EB4101002B1BDBA0
:10DFC00000F040F8DDF804E0DDE9022304B040424F
:10DFD00061EB4101524263EB43037047524263EBF2
:10DFE000430300F02FF8DDF804E0DDE9022304B07C
:10DFF000404261EB41017047524263EB430300F042
:10E0000021F8DDF804E0DDE9022304B0524263EBBD
:10E010004303704753B94AB9002908BF00281CBF01
:10E020004FF0FF314FF0FF3000F07AB9ADF1080C3E
:10E030006DE904CE00F006F8DDF804E0DDE9022326
:10E0400004B070472DE9F0478C460D460446089E03
:10E05000002B51D18A4217466DD9B2FA82FEBEF129
:10E06000000F0BD0CEF1200C01FA0EF520FA0CFCBB
:10E0700002FA0EF74CEA050C00FA0EF44FEA174AC2
:10E08000250CBCFBFAF81FFA87F90AFB18CC45EA05
:10E090000C4508FB09F3AB420AD9ED1908F1FF3230
:10E0A00080F02381AB4240F22081A8F102083D4478
:10E0B000ED1AA4B2B5FBFAF00AFB105544EA054488
:10E0C00000FB09F9A14509D9E41900F1FF3380F0FB
:10E0D0000A81A14540F2078102383C44A4EB0904BF
:10E0E00040EA08400021002E61D024FA0EF40023FB
:10E0F00034607360BDE8F0878B4207D9002E54D09E
:10E10000002186E821000846BDE8F087B3FA83F1D4
:10E11000002940F08E80AB4202D3824200F2FA80A6
:10E12000841A65EB03050120AC46002E3FD086E83B
:10E130001010BDE8F08712B90127B7FBF2F7B7FA64
:10E1400087FEBEF1000F34D1EB1B3A0C1FFA87FC9F
:10E150000121B3FBF2F8250C02FB183345EA034515
:10E160000CFB08F3AB4207D9ED1908F1FF3002D2DE
:10E17000AB4200F2D1808046ED1AA3B2B5FBF2F0BB
:10E1800002FB105543EA05440CFB00FCA44507D9EB
:10E19000E41900F1FF3302D2A44500F2B88018461A
:10E1A000A4EB0C0440EA08409DE731463046BDE848
:10E1B000F087CEF1200405FA0EF307FA0EF720FAE5
:10E1C00004F83A0C25FA04F448EA0308B4FBF2F127
:10E1D0004FEA184502FB11441FFA87FC45EA044543
:10E1E00001FB0CF3AB4200FA0EF409D9ED1901F171
:10E1F000FF3080F08A80AB4240F2878002393D4494
:10E20000EB1A1FFA88F5B3FBF2F002FB103345EA74
:10E21000034500FB0CF3AB4207D9ED1900F1FF38C1
:10E220006FD2AB426DD902383D44EB1A40EA01414E
:10E230008FE7C1F1200722FA07F88B4005FA01F4B5
:10E2400048EA030320FA07FE4FEA134CFD404EEA6A
:10E25000040EB5FBFCF94FEA1E440CFB19551FFADE
:10E2600083F844EA054509FB08F4AC4202FA01F2DE
:10E2700000FA01FA08D9ED1809F1FF3043D2AC4297
:10E2800041D9A9F102091D442D1B1FFA8EFEB5FBD1
:10E29000FCF00CFB10554EEA054400FB08F8A045C5
:10E2A00007D9E41800F1FF3529D2A04527D9023853
:10E2B0001C4440EA0940A4EB0804A0FB02894C4539
:10E2C000C6464D4615D312D056B1BAEB0E0364EBD9
:10E2D000050404FA07F7CB401F43CC403760746055
:10E2E0000021BDE8F0871846F8E69046E0E6C24512
:10E2F000EAD2B8EB020E69EB03050138E4E72846E1
:10E30000D7E7404691E78146BEE7014678E7023805
:10E310003C4445E7084608E7A8F102083D442BE7DE
:10E32000704700BF00B50A4C2668054685B01C46FC
:10E33000F06852B1074B02928DE80A0022462B4644
:10E34000054900F00DF801F0CBFA044B1A46F2E74C
:10E35000D8064020A0804100B0804100E043410049
:10E360000EB410B583B005AB064C53F8042B0193E3
:10E370000146206800F072FB03B0BDE8104003B016
:10E38000704700BFD806402070B50F4E0F4D761B6A
:10E39000B61018BF002405D0013455F8043B984747
:10E3A000A642F9D10A4E0B4D761B09F0EFFFB610CD
:10E3B00018BF002406D0013455F8043B9847A64204
:10E3C000F9D170BD70BD00BF9883410098834100B2
:10E3D000A083410098834100032A70B422D940EA07
:10E3E00001039B0711D003780C78A3421DD10A4486
:10E3F000013105E010F8013F11F8014BA34214D19F
:10E400009142F7D1002070BC70470D680668AE429B
:10E410000C46034601F1040100F1040008D1043A5E
:10E42000032AF2D8002ADED1ECE7181B70BC704733
:10E4300021461846D7E700BF844641EA000313F09F
:10E4400003036DD1403A41D351F8043B40F8043BFB
:10E4500051F8043B40F8043B51F8043B40F8043BBE
:10E4600051F8043B40F8043B51F8043B40F8043BAE
:10E4700051F8043B40F8043B51F8043B40F8043B9E
:10E4800051F8043B40F8043B51F8043B40F8043B8E
:10E4900051F8043B40F8043B51F8043B40F8043B7E
:10E4A00051F8043B40F8043B51F8043B40F8043B6E
:10E4B00051F8043B40F8043B51F8043B40F8043B5E
:10E4C00051F8043B40F8043B403ABDD2303211D3FE
:10E4D00051F8043B40F8043B51F8043B40F8043B3E
:10E4E00051F8043B40F8043B51F8043B40F8043B2E
:10E4F000103AEDD20C3205D351F8043B40F8043BFE
:10E50000043AF9D2043208D0D2071CBF11F8013BFB
:10E5100000F8013B01D30B8803806046704700BFC1
:10E52000082A13D38B078DD010F003038AD0C3F1D0
:10E530000403D21ADB071CBF11F8013B00F8013BB2
:10E5400080D331F8023B20F8023B7BE7043AD9D371
:10E55000013A11F8013B00F8013BF9D20B78037046
:10E560004B7843708B7883706046704770B4860731
:10E5700046D0541E002A41D0CAB2034602E014F12C
:10E58000FF343BD303F8012B9D07F8D1032C2ED980
:10E59000CDB245EA05250F2C45EA054519D903F109
:10E5A00010022646103E0F2E42F8105C42F80C5C1A
:10E5B00042F8085C42F8045C02F11002F2D8A4F1BF
:10E5C000100222F00F0204F00F041032032C134447
:10E5D0000DD91E462246043A032A46F8045BFAD8AF
:10E5E000221F22F003020432134404F003042CB16E
:10E5F000C9B21C4403F8011B9C42FBD170BC70479C
:10E6000014460346C2E700BF0000000000000000FF
:10E6100000000000000000000000000000000000FA
:10E62000A2EB0300704700BF02780B78012A28BFD5
:10E630009A42F5D16DE9044540EA0104CDE902674B
:10E640006FF0000C4FEA447212B380EA010414F038
:10E65000070F6AD100F0070420F0070004F003055B
:10E6600021F007014FEAC505F0E8042314F0040F78
:10E67000F1E804670CFA05F462EA040266EA0406AB
:10E680000AD063EA0403624667EA0407664603E0C9
:10E69000F0E80423F1E8046782FA4CF582EA060404
:10E6A000A4FA8CF46CBB83FA4CF583EA0705A5FA4F
:10E6B0008CF595B950E9022351E9026782FA4CF5CD
:10E6C00082EA0604A4FA8CF483FA4CF583EA07057F
:10E6D000A5FA8CF52543DBD09CB92DBAB5FA85F4A3
:10E6E00024F0070427FA04F1DDE9026723FA04F3B2
:10E6F00003F0FF0001F0FF01FDE80445A0EB01007D
:10E70000704724BAB4FA84F424F0070426FA04F11A
:10E71000DDE9026722FA04F202F0FF0001F0FF01D6
:10E72000FDE80445A0EB0100704714F0030F3CD155
:10E7300010F0030428D150F8082B51F8083B82FA56
:10E740004CF582EA0305A5FA8CF55DB950F8042C66
:10E7500051F8043C82FA4CF582EA0305A5FA8CF5DF
:10E76000002DE8D02DBAB5FA85F424F0070423FA79
:10E7700004F122FA04F202F0FF0001F0FF01FDE8CB
:10E780000445A0EB010070474FEAC40420F00300E9
:10E7900050F8082B21F0030151F8083B0CFA04F45F
:10E7A00062EA040263EA0403C9E710F003041AD022
:10E7B000A1EB040120F00300E40750F8042B06D07D
:10E7C0000FD28B785FFAA2F4E41A06D12BB1CB7882
:10E7D0005FFAB2F4E41A00D11BB920465DF8104B81
:10E7E000704701F1040150F8042BCC0721F003011C
:10E7F00051F8043B48D824D222F07F4482FA4CF5E9
:10E8000094EA1325A5FA8CF50AD165B951F8043BB1
:10E8100084EA0204B4EB036F0ED150F8042BEBE74B
:10E820004FEA132355E035F07F454DD10878FDE8D8
:10E830000445C0F1000070474FEA126203F0FF0385
:10E8400047E002EA1C4482FA4CF594EA1345A5FA23
:10E850008CF50AD165B951F8043B84EA0204B4EBA3
:10E86000034F0CD150F8042BEBE74FEA134330E091
:10E8700015EA1C4528D10B884FEA124229E04FEADD
:10E88000124203EA1C4324E002F0FF0482FA4CF532
:10E8900094EA1365A5FA8CF50AD165B951F8043BE1
:10E8A00084EA0204B4EB032F09D150F8042BEBE700
:10E8B0004FEA13630DE015F0FF0F05D10B684FEA27
:10E8C000122223F07F4304E04FF00000FDE80445EE
:10E8D000704712BA1BBA82FA4CF482EA0304A4FA13
:10E8E0008CF5B5FA85F402FA04F203FA04F34FEA60
:10E8F0001260FDE80445A0EB1360704700000000C3
:10E9000090F800F06DE9024520F007016FF0000C6F
:10E9100010F0070491F820F040F049804FF0000417
:10E920006FF00700D1E9002391F840F000F10800F2
:10E9300082FA4CF2A4FA8CF283FA4CF3A2FA8CF32A
:10E940004BBBD1E9022382FA4CF200F10800A4FA91
:10E950008CF283FA4CF3A2FA8CF3E3B9D1E90423E5
:10E9600082FA4CF200F10800A4FA8CF283FA4CF31C
:10E97000A2FA8CF37BB9D1E9062301F1200182FAD6
:10E980004CF200F10800A4FA8CF283FA4CF3A2FADC
:10E990008CF3002BC6D0002A04BF04301A4612BAEA
:10E9A000B2FA82F2FDE8024500EBD2007047D1E9ED
:10E9B000002304F00305C4F100004FEAC50514F07C
:10E9C000040F91F840F00CFA05F562EA05021CBF4D
:10E9D00063EA050362464FF00004A9E72DE9F84F0A
:10E9E0004B6E9C0493462FD59368126853B30E4622
:10E9F000074602F1080919E920045FEA9A0817D0CE
:10EA0000043D002401E0A04510D0324655F8041F13
:10EA1000384601F00DF9431C04F10104F3D1002341
:10EA2000CBF80830CBF80430BDE8F88FDBF80830BD
:10EA30002AF0030AA3EB0A03CBF8083009F108090E
:10EA4000002BD8D10020EAE701F05CFA0023CBF8D4
:10EA50000830CBF80430BDE8F88F00BF2DE9F04F47
:10EA6000ADB01D468B4690460793069018B1836B58
:10EA7000002B00F0F380DBF86430BBF90C00DF07FB
:10EA800081B202D48E0540F1FC808C040AD4DBF8FC
:10EA9000643040F4005123F40053ABF80C10CBF871
:10EAA000643089B2080740F1B380DBF81030002BE6
:10EAB00000F0AE8001F01A030A2B00F0B5800023AD
:10EAC0000DF170090B93119310930393CDF83C90C3
:10EAD000CA46CDF810B098F800304446FBB1252B5B
:10EAE00002D11CE0252B03D014F8013F002BF9D1F3
:10EAF000A4EB08059DB1109B119ACAF80080013360
:10EB00002A44072BCAF80450119210937ADD002A88
:10EB100040F0B084039B10922B44CA4603932378A1
:10EB2000002B00F0E08300204FF000038DF8373019
:10EB300004F1010862780546064603464FF0FF34AB
:10EB400008F10108A2F12001582900F2DE82DFE875
:10EB500011F02102DC02DC022902DC02DC02DC0210
:10EB6000DC02DC02DC0289029502DC02A200BD02AA
:10EB7000DC029F01A401A401A401A401A401A40139
:10EB8000A401A401A401DC02DC02DC02DC02DC0240
:10EB9000DC02DC02DC02DC02DC02B201DC02DC02B0
:10EBA000DC02DC02DC02DC02DC02DC02DC02DC0275
:10EBB0009701DC02DC02DC02DC02DC029B01DC02ED
:10EBC000DC025302DC02DC02DC02DC02DC02DC02DE
:10EBD000DC02DC02DC02DC025A021B02DC02DC0288
:10EBE000DC026E021B02DC02DC027302DC02F501B5
:10EBF00082010902D702DC029A02DC02A700DC02D1
:10EC0000DC022E020AF1080A039B2B44039386E7D9
:10EC10005946069800F0F6FD18BBBBF80C1001F041
:10EC20001A030A2B7FF44BAFBBF90E30002BFFF613
:10EC300046AFDBF86430DB0705D48F0503D4DBF87F
:10EC4000580001F015FB2B4642465946069800F045
:10EC50004DFD039003982DB0BDE8F08F00F046FF06
:10EC600009E7DBF86430D90704D4BBF80C309A0507
:10EC700040F1AA844FF0FF33039303982DB0BDE811
:10EC8000F08FDBF8580001F0F1FABBF90C0081B20B
:10EC9000FBE67642079243F0040398F800204FE722
:10ECA00008969E0600F150840799DD060A4600F199
:10ECB000EF83580640F1EC830E88043100270122CF
:10ECC00007914FF000018DF837100025611C00F00E
:10ECD000168123F08001029156EA070140F0148169
:10ECE000002C40F05C83002A40F0B78313F001034E
:10ECF000059300F057840DF1B00B30230BF8413D24
:10ED0000059BA342B8BF234601930DB10133019384
:10ED1000029B13F00203099302D0019B023301937B
:10ED2000029B13F084030A9340F01782089B019A18
:10ED30009D1A002D40F31182102D40F39084109BFA
:10ED4000119AC44ED6461027A2461946069C07E0E3
:10ED500001F1020C0EF1080E0146103D102D11DDDF
:10ED6000481C1032072811928EE8C0001090EFDD89
:10ED7000002A40F0E481103D102D11464FF0010CA7
:10ED8000CE46EDDC54466146F2462A4407291192EC
:10ED9000CAF80060CAF80450109100F3EC829DF8A4
:10EDA00037500AF1080A481C002D40F0DE81099B0B
:10EDB000002B00F0F88102320EA9022307281192DD
:10EDC00010908AE80A0040F3EA81002A40F08C8320
:10EDD0000A9B802B4FF001001146CA4640F0E781A4
:10EDE000089B019D5E1B002E40F3E181102E9A4D81
:10EDF00040F35084D4461027A246069C07E001F158
:10EE0000020E0CF1080C0146103E102E11DD481CBC
:10EE10001032072811928CE8A0001090EFDD002A34
:10EE200040F09D82103E102E4FF0010E1146CC4650
:10EE3000EDDC5446E2463244BEF1070F11928AE8F7
:10EE40006000CDF840E000F369830AF1080A0EF192
:10EE500001007146ABE1089613F0200240F08C836C
:10EE600013F0100140F01A8313F0400200F01683F3
:10EE700007980A460146043106880791002720E7D3
:10EE8000089643F01003E7E7089643F0100308E7FD
:10EE900043F0800398F8002052E6A2F130010026EA
:10EEA00018F8012B06EB860601EB4606A2F13001AD
:10EEB0000929F5D946E60896002840F0088443F071
:10EEC00010039E0600F14C83DD0600F1F382580624
:10EED00040F1F082079DB5F900602A46F717043229
:10EEE000304639460792002871F10002C0F25D8376
:10EEF000611C9DF837504FF001027FF4EAAE56EAEC
:10EF0000070100F04D820293012A00F08C82022A50
:10EF100040F05C820B98CB46330906F00F0143EAC0
:10EF200007733A091E461746435C0BF8013D56EA43
:10EF30000703F1D1A9EB0B030593E1E6002840F0AC
:10EF4000C083990600F16783DA0600F1F1805B0661
:10EF500040F1EE80079A136804320792BDF80C2046
:10EF60001A80B8E507983D4A08960B920668782201
:10EF7000302104308DF8392043F002030790002738
:10EF80008DF8381002229CE60896002899D08DF85A
:10EF9000375096E798F80020002D7FF4D1AD01207E
:10EFA0002025CDE543F0010398F80020C8E5089638
:10EFB000002840F0938329490B919F0600F1E882D5
:10EFC0000798DE06014600F170825D0640F16D8211
:10EFD0000431068807910027D80740F1228256EABB
:10EFE000070100F01E8230218DF8392043F0020322
:10EFF0008DF83810022264E60896002840F06B83F2
:10F0000017490B91D9E7079908960A688DF84820A7
:10F010004FF000000A468DF83700043201200190BD
:10F02000079205900DF1480B0293002470E643F01F
:10F03000400398F8002083E598F800206C2A03BF6D
:10F0400098F8012043F0200308F1010843F0100371
:10F0500076E500BF1481410024814100F880410021
:10F06000E480410007990E680A46002E02F104026E
:10F07000FFF60FAE079298F8002061E598F800209F
:10F0800001202B255CE507990896D1F800B04FF0D8
:10F0900000028DF837200E1DBBF1000F00F0E58255
:10F0A000671C00F0C482224600215846019301F0FB
:10F0B0001FFC019B002800F0E582A0EB0B020592EB
:10F0C000079602939DF83750002419E698F800201F
:10F0D0002A2A08F1010700F0E982A2F1300109298A
:10F0E000B8464FF000043FF62DAD18F8012B04EBA5
:10F0F000840401EB4404A2F130010929F5D921E58A
:10F1000043F0200398F800201AE50896002840F004
:10F11000DB82002A00F0E78001218DF848204FF0C3
:10F12000000201918DF8372005910DF1480B7BE726
:10F13000079A136804320792039A1A60CBE40FAA65
:10F1400004992046FFF74AFC002840F039811099C5
:10F15000119A01F1010CCE46FFE51099119A481C55
:10F160009DF83750002D3FF422AE01320DF13705E6
:10F170000121072811921090CAF80050CAF8041013
:10F1800040F30881002A40F0BC81099B002B3FF42A
:10F190001FAE0EAB022208461C931D92CA460146C2
:10F1A0000AF1080A01300A9B802B3FF419AE059B37
:10F1B000E41A002C2EDD102CB34D1EDDD646102691
:10F1C000069FDDF810A006E0881C0EF1080E194617
:10F1D000103C102C10DD4B1C1032072B11928EE8C6
:10F1E00060001093F0DD002A65D1103C102C4FF028
:10F1F00001001146CE46EEDCF24622440728119269
:10F20000CAF80050CAF80440109000F385800AF153
:10F21000080A01300599CAF800B00A44072811927B
:10F22000CAF80410109040F38280002A40F0188140
:10F23000029B1092580735D5089B01995C1A002C47
:10F2400040F3E780CA46102C40F3188210998F4E85
:10F25000069FDDF810B0102506E0881C0AF1080AA8
:10F260001946103C102C11DD4B1C1032072B11924B
:10F27000CAF80060CAF804501093EEDD42BB103C9F
:10F28000102C4FF001001146CA46EDDC224407283D
:10F290001192CAF80060CAF80440109051DD002AAB
:10F2A00040F09B81039B089A01998A42ACBF9B184E
:10F2B0005B1803934EE00FAA51463846FFF78EFBCA
:10F2C000002840F03F811099119A481CCE467FE7F4
:10F2D0000FAA59463846FFF781FB60B91099119A79
:10F2E000481CCA46BDE7119BDDF810B0002B40F06A
:10F2F000D48100231093DBF8643013F0010FBBF8C6
:10F300000C3002D19A0540F1DE805B063FF5B2ACCD
:10F3100003982DB0BDE8F08F002A40F00681059AD1
:10F320001D9201231192CDF870B01093CA460AF1D4
:10F33000080A029B590704D5089B01995C1A002C06
:10F3400081DC039B089901988142ACBF5B181B18B4
:10F35000039372BB00231093CA46FFF7BCBB0FAAEE
:10F3600004992046FFF73AFB50BB1099119A01F11E
:10F37000010ECC4648E5002A40F040819DF8371048
:10F38000002900F01B8101220DF1370110461D926A
:10F390001C91CA4601460AF1080A013007E5029BA2
:10F3A000012A00F09880022A0DD10293002600273E
:10F3B000B0E50FAA04990698FFF710FB0028C9D002
:10F3C000DDF810B097E7029300260027494600E0D9
:10F3D0005946F20842EA4772F80806F00703074662
:10F3E0001646303356EA070201F8013C01F1FF3BB3
:10F3F000EED1029AD6077FF59DAD302B3FF49AAD42
:10F40000023930230BF8013CA9EB010305938B462D
:10F4100076E4039B089A8A42ACBF9B185B1803935F
:10F4200098E702224DE4002F08BF0A2E52D3CB46A4
:10F43000304639460A220023FEF7ECFD30320BF845
:10F44000012D3046394600230A22FEF7E3FD064629
:10F450000F4656EA0703EBD16CE50594CB464FE423
:10F460000FAA04990698FFF7B9FA0028A8D1119AB3
:10F47000CA465EE70FAA04990698FFF7AFFA00287C
:10F480009ED1CA46FFF7C0BB2481410014814100D0
:10F490000431166807910122002712E407980146FB
:10F4A00004310668079100270BE40E6804310791C8
:10F4B000002791E507990E680A46F717043207926C
:10F4C000304639460FE5DBF8580000F0D1FEBBF8B6
:10F4D0000C301AE7029B02930DF1B00B303601237A
:10F4E0000BF8416D05930BE40FAA04990698FFF7FA
:10F4F00075FA00287FF464AF1099119A481CCA4627
:10F5000051E60FAA04990698FFF768FA00287FF4DD
:10F5100057AF1099119A481CCA4648E4002A40F097
:10F52000918001201146CA4641E60FAA0499069827
:10F53000FFF754FA00287FF443AF1098119A013076
:10F54000CA4667E6D346D6E6079E073626F0070288
:10F5500002F10801D2E9006707910122FFF7B1BB70
:10F56000079E073626F00706D6E9000106F10802D5
:10F57000079206460F46B6E4079E073626F00702B6
:10F5800002F10801D2E9006707910022FFF799BB59
:10F59000079E073626F0070101F108000790D1E920
:10F5A000006719E5CB46FFF7ABBB2D25764267EB2D
:10F5B00047078DF837500122FFF788BB099BB3B985
:10F5C00011460120CA46F2E5DBF8580000F050FE73
:10F5D0004FF0FF330393FFF750BB0FAA049906982F
:10F5E000FFF7FCF900287FF4EBAE119AA9E60EAB09
:10F5F00002221C931D920120CA46D0E50FAA04994D
:10F600000698FFF7EBF900287FF4DAAE1099119A0B
:10F61000481CCA46A4E5079A03991368CD17084603
:10F62000043229460792C3E90001FFF754BA58464D
:10F6300007960293FFF764F9002405909DF8375070
:10F64000FFF75EBB0FAA04990698FFF7C7F90028D9
:10F650007FF4B6AE1099119A481CCA46A7E51099D6
:10F66000119A204E0131FFF790BB062C28BF0624CB
:10F67000059407960194DFF870B0D5E41098194E00
:10F68000013003E605949DF837500796029304462F
:10F69000FFF736BB8646FFF7CEBB06980FAA594642
:10F6A000FFF79CF900283FF424AE24E6079998F868
:10F6B00001200C68043144EAE474B8460791FFF76E
:10F6C0003FBA8DF837503CE48DF8375021E58DF87E
:10F6D0003750FFF7F4BB8DF8375091E48DF8375071
:10F6E00069E400BF148141000C8141002DE9F04123
:10F6F0000C46ADF58D6D8989666EE589199621F008
:10F7000002010646E069ADF80C1017464FF480611F
:10F71000626AADF80E5098461AAD0023079016A8FD
:10F7200009920693009504950291059100F09AFDC7
:10F7300043463A4669463046FFF790F9051E07DB17
:10F740003046694600F07AF9002818BF4FF0FF35BF
:10F75000BDF80C305B0603D5A38943F04003A381B9
:10F76000169800F081FD28460DF58D6DBDE8F081FD
:10F7700070B5141E9AB005462EDB1A464FF402737C
:10F7800000910491ADF80C3011D0013C4FF6FF769A
:10F790001E9B029469460594ADF80E6001F0B2FB21
:10F7A000421C12DB009B00221A701AB070BD1E9B17
:10F7B00002944FF6FF7669460594ADF80E6001F0AD
:10F7C000A1FB431C04DB1AB070BD8B232B60E9E75F
:10F7D0008B232B601AB070BD8B2303604FF0FF307A
:10F7E000F1E700BF10B582B0054C009324681346C2
:10F7F0000A4601462046FFF7BBFF02B010BD00BF1E
:10F80000D806402038B5304B1B6805460C4613B16E
:10F810009A6B002A38D0B4F90C2093B218070CD593
:10F820002069A8B113F001021ED0636900225B4277
:10F83000A361A260F0B1002038BDD9063CD55807BD
:10F8400026D4206942F00803A3819BB20028E9D1A5
:10F8500003F42072B2F5007FE4D02846214600F080
:10F8600037FDA3892069DDE7990758BF6269A26067
:10F870000028E0D1B4F90C301A06DDD543F040037E
:10F88000A3814FF0FF3038BD184600F02FF9C2E7D2
:10F89000216B51B104F14003994204D0284600F095
:10F8A0004BFAB4F90C200023236300232069636022
:10F8B00022F024022060C5E742F0400209232B60B9
:10F8C0004FF0FF30A28138BDD8064020024B13B163
:10F8D000024800F00DB87047000000005DFB4000DA
:10F8E00008B5062001F0ACFA0120F8F72FFF00BFA1
:10F8F000002301461A46184602F0D8BDB1F90C3073
:10F900009AB22DE9F0410D46110780463AD46A6853
:10F9100043F40063002AAB816FDDAC6A002C49D050
:10F9200000229BB2D8F80060C8F8002013F480527F
:10F9300067D02A6D5F0705D569682B6B521A0BB12A
:10F94000EB6BD21A0023E9694046A047441C3CD027
:10F95000B5F90C302A692A6023F400630022AB81D8
:10F96000DB046A6047D4296BC8F8006011B305F165
:10F970004003994202D0404600F0DEF9002028639F
:10F98000BDE8F0812E69AEB12C682E6091070CBFE6
:10F990006B690023A41BAB600AE0234632466F6A02
:10F9A000E9694046B8470028A4EB0004064404DD9A
:10F9B000002CF2DC0020BDE8F081AB8943F040036D
:10F9C000AB814FF0FF30BDE8F081D8F800401D2C2E
:10F9D000F3D8194BE340DB4313F00103EDD1B5F944
:10F9E0000C206B6022F400632969AB81DA04296082
:10F9F000B9D5002CB7D12865B5E7EA6B002A8CDCB5
:10FA0000D8E70123E9694046A047431C024602D0DB
:10FA1000AB89AC6A8EE7D8F80030002BF8D01D2BEC
:10FA200001D0162B02D1C8F80060C3E7AB8943F0C0
:10FA30004003AB81BDE8F0810100402038B50D46A0
:10FA4000044608B1836BBBB1B5F90C0088B16B6E8D
:10FA5000DB0701D4810517D520462946FFF74EFF65
:10FA60006B6EDA07044602D4AB899B0507D52046A6
:10FA700038BD0446204638BD00F038F8E4E7A86DEC
:10FA800000F0F6FB204638BDA86D00F0EFFBE3E781
:10FA9000014900F0AFBB00BF1535410010B5002390
:10FAA00004468181C28103604360836043660361D1
:10FAB00043618361194608225C30FEF757FD074811
:10FAC0000749084A084B2062E4616162A262E3626E
:10FAD00004F15800BDE8104000F0C4BB7D0E4100A9
:10FAE000A10E4100DD0E4100FD0E410010B504469F
:10FAF000124800F0BBFBA26BD2B904F53B7310486F
:10FB0000C4F8E8320321C4F8E022E063C4F8E41248
:10FB100060680421FFF7C2FF01220921A068FFF7F6
:10FB2000BDFF02221221E068FFF7B8FF0123A363A3
:10FB30000248BDE8104000F09BBB00BFA431452047
:10FB400091FA4000014800F091BB00BFB831452058
:10FB5000014800F08DBB00BFB831452038B50A4CD4
:10FB60000A4D641BA4100AD004F18043013B05EB4D
:10FB70008305013C55F804399847002CF9D1BDE8BC
:10FB8000384008F00DBC00BFC4834100C083410071
:10FB90002DE9F04782B080468946144600F054FBB8
:10FBA000012836D04A4604F15C0301A9404602F020
:10FBB0002FFC421C064625D0A8B39DF804E0002582
:10FBC0000DF1040A09E023685A1C226083F800E062
:10FBD0000135B54227D215F80AE0A368013B002B96
:10FBE000A360F0DAA769BB4271462246404602DBB9
:10FBF000BEF10A0FE7D102F0B3FB431CE8D102B01B
:10FC0000BDE8F087A38943F04003A38102B0BDE8BB
:10FC1000F08709F1FF33FE2BC4D85FFA89FE064650
:10FC20008DF804E0CBE7484602B0BDE8F08700BF9E
:10FC300030B5536E13F0010FB2F90C30144683B097
:10FC400005469AB201D190051CD5900406D4626E87
:10FC500043F4005342F40052A381626628462246D0
:10FC6000FFF796FF636EDA07054602D4A3899B056A
:10FC700002D5284603B030BDA06D00F0F9FA284641
:10FC800003B030BDA06D019100F0F0FAB4F90C3072
:10FC900001999AB2D9E700BFF8B5244F0C46064641
:10FCA00000F0DAFEBB685D68C4F57E610F3125F0B7
:10FCB0000305294421F47F6121F00F01A1F580544F
:10FCC000B4F5805F07DB0021304601F077F8BB68B0
:10FCD0002B44984204D0304600F0C4FE0020F8BD0A
:10FCE0006142304601F06AF801300DD0104BBA681D
:10FCF00019682D1B45F001053046091B5560196038
:10FD000000F0B0FE0120F8BD0021304601F056F8A9
:10FD1000BA68831A0F2BDEDD064C0549246843F0D0
:10FD20000103001B53600860D5E700BF780C40203A
:10FD3000B830452080104020002944D02DE9F04102
:10FD40000D46804600F088FE55F8047C694927F08E
:10FD50000103A5F10804E2188E685068B24220F051
:10FD600003005ED0FE0750600BD455F8087CE41BFE
:10FD700001F1080EA56875453B446DD0E768EF605A
:10FD8000BD6015186D68ED073ED543F00102626055
:10FD9000E350B3F5007F17D2DB08581C9A104D686A
:10FDA00051F83070A7600123934001EBC0022B4350
:10FDB000083AE2604B6041F83040FC604046BDE8E4
:10FDC000F04100F04FBE70475A0A042A52D89A09EF
:10FDD00002F13907FF0002F13805C819CA5908387D
:10FDE00090424FD0516821F003018B4232D2926889
:10FDF0009042F7D1C368A060E3609C60C460404655
:10FE0000BDE8F04100F02EBE95683B4FBD42034473
:10FE100040D0D068E86043F0010285606260E35042
:10FE2000B7E7FF07034407D455F8082CA41A134476
:10FE3000A068E268C2609060304A126843F0010036
:10FE4000934260608C60B9D32D4B40461968FFF730
:10FE500023FFB3E71046CDE711184968C90744D41A
:10FE60009168D268CA60034443F001009160606009
:10FE7000E350A3E7142A16D802F15C07FF0002F151
:10FE80005B05AAE7AA1001234D6893402B434B6002
:10FE90000346B0E743F001024C610C61E560A560E8
:10FEA0006260E3508AE7542A06D81A0B02F16F0702
:10FEB000FF0002F16E0590E7B2F5AA7F06D8DA0BD3
:10FEC00002F17807FF0002F1770586E740F254500F
:10FED000824206D89A0C02F17D07FF0002F17C05F0
:10FEE0007BE74FF47E777E2577E743F00101616081
:10FEF000136063E7780C4020800C40208410402081
:10FF0000E83045209368002B73D02DE9F04F8B89A2
:10FF100083B00C4619070090164626D5226922B3F5
:10FF200013F0020035682CD04FF00009B04FC846DE
:10FF3000B246B84543464A4628BF3B460098B8F10A
:10FF4000000F50D0E169666AB047002858DDDAF842
:10FF500008301B1A8144A8EB0008CAF80830002BAF
:10FF6000E7D1002003B0BDE8F08F21460098FFF7ED
:10FF700049FC002840F03381A389356813F0020062
:10FF8000D2D113F0010945D14F46019637B39A05F6
:10FF9000D4F8088040F183804745C346C0F0AB8069
:10FFA00013F4906F40F0AC802068BA465A46494638
:10FFB00000F0EEFCA2682368A2EB08025B44A2609A
:10FFC0002360019A9368A3EB0A03D144A7EB0A07C5
:10FFD0009360002BC5D0A389002FD8D1D5F800900D
:10FFE0006F680835D2E7D5F80090D5F80480083559
:10FFF0009FE70020704721460098FFF71FFD70B370
:020000040041B9
:10000000B4F90C3043F040034FF0FF30A38103B04C
:10001000BDE8F08F814633464E46A8469A464D4687
:100020004EB380B3206823696269B145CB4628BFCF
:10003000B34698425F4604D9A36813449B4500F336
:10004000A68093454BDB1346676AE16900982A4610
:10005000B847071ED4DDB9EB0709CCD00120DAF888
:100060000830DB1B3D44F61BCAF80830002B3FF478
:1000700078AF002ED5D108F1080313E96000984647
:100080000833002EF9D032460A21284600F030FC11
:10009000002800F0A1800130A0EB0509C2E720682C
:1000A0002369984202D863699F425DD2B84528BF50
:1000B000B8464246494600F06BFCA3682268A3EBB1
:1000C00008034244A36022600BB1C24679E721468F
:1000D0000098FFF7B3FC002892D1C24671E75A4658
:1000E000294600F055FCA2682368A2EB0B025B4492
:1000F000A2602360AFE72068B846BA46BB4655E722
:1001000062692068216902EB4208A0EB010A08EB52
:10011000D8780AF101004FEA680838444045424661
:1001200084BF804642465B0544D51146009800F0E6
:1001300019F98346002855D052462169FEF77CF90B
:10014000A38923F4906343F08003A3810BEB0A009F
:10015000A8EB0A03C4F810B0C4F814802060A360B0
:10016000B846BA46BB4621E76FF00041B94228BF06
:1001700039464A4691FBF3F10098666A03FB01F3A6
:10018000E169B047B0F1000A3FF71BAF38E71A4604
:100190002946019300F0FCFB2268019B00981A4459
:1001A00022602146FFF74AFC019B00287FF428AF1C
:1001B0001F4650E7009800F05BFC83460028C5D13D
:1001C000009D21692846FFF7B7FDB4F90C300C22D9
:1001D00023F080032A6015E706F1010922E74FF0BA
:1001E000FF30BFE6009A0C231360B4F90C3009E726
:1001F00000FCFF7F2DE9F84310F538771FD08846C3
:1002000006464FF000097D68BC68013D11D4A38902
:10021000012B05F1FF3508D9B4F90E300133214621
:10022000304602D0C04749EA00096B1C04F168045B
:10023000EDD13F68002FE6D14846BDE8F883B946C6
:100240004846BDE8F88300BF044B054A1B685B6B5A
:10025000002B08BF134693F828017047D8064020AA
:100260000C0B4020704700BF704700BF704700BFB5
:10027000704700BF70B50C46B1F90E10002990B060
:1002800015461E4614DB01AA03F0A6F900280FDB71
:10029000029A02F47042A2F50052B2FA82F25209B6
:1002A0004FF480634FF4006032602B6010B070BD7B
:1002B000A289002312F08000336004D04022184647
:1002C0002A6010B070BD4FF480632B6010B070BD19
:1002D0008A8992070B4606D501F1430201211A6073
:1002E0001A6159617047F0B583B001AB6A460C469C
:1002F0000646FFF7BFFF00990546304600F032F88A
:10030000B4F90C30D8B1019A154F0099F76343F056
:100310008003A3812060206161611AB92B43A3810E
:1003200003B0F0BD3046B4F90E1003F069F9A0B186
:10033000A38923F0030343F001031BB2EEE79A0500
:10034000EED423F0030304F1430243F0020301213E
:10035000A381226022616161E2E7B4F90C30DDE73C
:1003600091FA40002DE9F04F01F10B06162E83B0F3
:10037000054640F29E8036F0070600F1BD80B1428E
:1003800000F2BA8000F068FBB6F5FC7FC0F0938203
:10039000730A00F0B880042B00F27981B30903F1ED
:1003A000390003F1380EC300BF4F3B44A3F10801ED
:1003B0005C68A14206D10CE0002A80F2AA80E468C1
:1003C000A14206D0636823F003039A1B0F2AF3DDD2
:1003D00070463C69DFF8E4E2744500F0AB81636885
:1003E00023F003039A1B0F2A00F39081002AC7F819
:1003F00014E0C7F810E080F29D80B3F5007F80F034
:100400006181DB0803F1010C99107A6857F83C8090
:10041000C4F8088001238B4007EBCC011343083953
:10042000E1607B6047F83C40C8F80C408210012432
:1004300094409C4200F28B801C4206D120F00300C5
:1004400064001C4200F10400FAD007EBC009CC465E
:100450008046DCF80C309C4507D16DE1002A80F223
:100460007B81DB689C4500F06781596821F00301BE
:100470008A1B0F2AF2DDD3F80CC0D3F80880009352
:100480009C19284646F0010642F001055E60C8F856
:100490000CC0CCF808807C613C61C4F80CE0C4F866
:1004A00008E065605A5000F0DDFA009B03F1080493
:1004B0001EE0102920D800F0CFFA102618230220C1
:1004C000794F3B44A3F108025C68944200F03D81FF
:1004D0006368E168A66823F00303234428465A684A
:1004E000F16042F001028E605A6000F0BBFA0834FD
:1004F000204603B0BDE8F08F00240C2320462B607B
:1005000003B0BDE8F08F40204FF400734FF03F0E72
:100510004AE72344E1685A68A66842F00102F160A4
:1005200028468E605A6000F09DFA0834204603B0D9
:10053000BDE8F08F234428465A6842F001025A6011
:1005400000F090FA0834204603B0BDE8F08FBC6894
:10055000636823F00308B04504D3A8EB06030F2B10
:1005600000F38580DFF85891504BD9F800201B68C4
:100570000132334404EB080A00F0558103F580533F
:100580000F3323F47F6B2BF00F0B5946284600F0F6
:1005900015FC411C024600F0FC80824500F2F78009
:1005A000434B19685944196000F04D81D9F8000097
:1005B00001301BBFA2EB0A0A5144C9F800201960A0
:1005C00012F0070100F01581C1F10800C1F580515A
:1005D0000244083102EB0B09C9F30B09A1EB09092D
:1005E000494628460193009200F0E8FB431C9DE831
:1005F0000C0000F04381801A484440F00100196863
:10060000BA604944BC425060196017D0B8F10F0F6E
:1006100040F2FB806068A8F10C0222F0070204EBB4
:10062000020E00F001004FF0050C10430F2A60602D
:10063000CEF804C0CEF808C000F217811D4BBC688C
:100640001A68914288BF19601B4B1A689142626810
:1006500088BF196022F003029642A2EB060301D87C
:100660000F2B04DC284600F0FDF9002440E7A21916
:1006700043F0010346F0010666602846BA60536005
:1006800000F0F0F90834204603B0BDE8F08F142BD9
:1006900071D9542B00F2A380330B03F16F0003F1E7
:1006A0006E0EC30080E600BF780C4020E830452085
:1006B000B8304520E0304520E4304520800C402013
:1006C000801040205A0A042A5BD9142A00F2AE8016
:1006D00002F15C01C9005B3207EB010C7958ACF107
:1006E000080C8C4500F088804A6822F0030293428F
:1006F00073D289688C45F7D1DCF80C207B68E26006
:10070000C4F808C09460CCF80C408FE6A11946F0FC
:10071000010C42F00106C4F804C028467961396131
:10072000C1F80CE0C1F808E04E60E25000F09AF920
:100730000834DDE67B6879E608F1010818F0030F5C
:100740000CF1080C7FF485AE2DE0DC68A34208BFF5
:1007500002303FF43EAEBBE619441C464A68DB68F3
:1007600054F8086F42F001024A602846F3609E6028
:1007700000F078F9BCE603F15C0003F15B0EC30006
:1007800012E69A0902F13901C9003832A4E7BC42E5
:1007900054D0BC68626822F003025DE759F808395A
:1007A000994540F0868010F0030F00F1FF30F5D13D
:1007B0007B6823EA04037B6064009C423FF6C7AE7B
:1007C000002C3FF4C4AE1C4240467FF43EAE6400B1
:1007D0001C4200F10400FAD037E68C468CE7B3F5F2
:1007E000AA7F15D8F30B03F1780003F1770EC3004D
:1007F000DAE54FF48051EDE67B689210012101FAB1
:1008000002F213437B60624679E70123536029E7D4
:1008100040F25452934222D8B30C03F17D0003F10D
:100820007C0EC300C0E503F1100BAEE6542A29D8B4
:100830001A0B02F16F01C9006E324DE7204B1968A7
:1008400059441960B2E6CAF30B0000287FF4AEAE3B
:1008500008EB0B03BA6843F001035360EEE67F2018
:100860004FF47E734FF07E0E9EE504F1080128469A
:100870000093FFF761FA009B1968DFE601204FF053
:100880000009BCE6B2F5AA7F05D8DA0B02F17801BF
:10089000C900773220E740F254518A4205D89A0CB9
:1008A00002F17D01C9007C3216E74FF47E717E2291
:1008B00012E77B6880E7F00806F1080300E600BF56
:1008C000B830452082B049B15AB16BB113780B6092
:1008D0001278101C18BF012002B0704701A9002A2D
:1008E000F3D1104602B070476FF00100F4E700BF8B
:1008F00001F0FF01102A2BDB10F0070F08D010F8D1
:10090000013B013A8B422DD010F0070F42B3F6D1D4
:10091000F0B441EA012141EA014122F007047FF0ED
:1009200000070023F0E80256083C85EA010586EA44
:10093000010685FA47F5A3FA87F586FA47F6A5FA80
:1009400087F68EB9EED1F0BC01F0FF0102F007028C
:1009500032B110F8013B013A83EA010313B1F8D137
:100960000020704701387047002D06BF3546033818
:10097000073815F0010F07D1013015F4807F02BF51
:10098000013015F4C03F0130F0BC0138704700BFA2
:100990008842F0B50DD98B1898420AD28418002AE3
:1009A00051D0224613F8014D02F8014D9942F9D178
:1009B000F0BD0F2A48D941EA00039B0746D100F158
:1009C000100401F11003154653F8106C44F8106C34
:1009D00053F80C6C44F80C6C53F8086C44F8086C31
:1009E000103D53F8046C44F8046C0F2D03F1100310
:1009F00004F11004E8D8A2F1100323F00F0302F071
:100A00000F0E1033BEF1030F1944034421D91E1FEA
:100A10000D467446043C55F8047B46F8047F032CCD
:100A2000F8D8AEF1040424F0030404342144234430
:100A300002F0030262B1013B0A4411F8014B03F8D2
:100A4000014F8A42F9D1F0BD0346F3E70346F2E7CE
:100A5000F0BD7246EEE700BF0148FFF707BC00BFDC
:100A6000A83145200148FFF703BC00BFA83145204D
:100A7000002900F095802DE9F04F0D46164683B011
:100A8000804606F10B07FFF7E7FF55F804EC162F39
:100A90002EF00304A5F108093CD810221746BE42E7
:100AA0003DD8944243DAC44B996809EB040088426C
:100AB00000F0B480436823F0010101444968C9078C
:100AC0004CD51EF0010F00F09B8031464046FFF7E9
:100AD00049FC064600283AD055F8043C23F00103AF
:100AE0004B44A0F108029A4200F02181221F242ADF
:100AF00000F20781132A00F2DB8003462A461168C0
:100B000019605168596092689A6029464046FFF71B
:100B100013F91CE027F00707002F3A46BFDA00263A
:100B20000C233046C8F8003003B0BDE8F08F2E46E5
:100B3000E31B0F2B1ED8D9F8043003F00103234325
:100B40004C44C9F80430636843F0010363604046D5
:100B5000FFF788FF304603B0BDE8F08F23F00303B2
:100B6000E11891421FDBC36882682E46D3600C46B1
:100B70009A60DDE7D9F8042009EB070102F00102D1
:100B80004C4443F001031743C9F804704B60636899
:100B900043F00103083163604046FFF7CDF8D6E724
:100BA0001146FFF7DFBB1EF0010F8ED155F8081C70
:100BB000A9EB010ADAF8041021F003010B442344E5
:100BC000934225DBC26881685646CA609160DAF8B4
:100BD0000C1056F8080F221F242AC160886000F20A
:100BE0009480132A6FD92968CAF808106968CAF86E
:100BF0000C101B2A00F2A28008350AF1100263E0F3
:100C000055F8083CA9EB030ADAF8041021F00301B7
:100C100063189342FFF659AF5646D8E7416821F072
:100C2000030BA34407F11000834556DA1EF0010FB1
:100C30007FF44BAF55F8081CA9EB010ADAF8041051
:100C400021F003018B445845E2DC5646DAF80C10DB
:100C500056F8080F221F242AC160886000F28F8096
:100C6000132A40F28A802968CAF808106968CAF80D
:100C70000C101B2A00F28A8008350AF1100229683C
:100C8000116069685160A96891600AEB0701ABEBDC
:100C9000070242F0010299604A60DAF8043003F07A
:100CA00001031F434046CAF80470FFF7DBFE51E71B
:100CB0002B6803606B6843601B2A2DD800F1080382
:100CC00005F108021BE73246296811606968516026
:100CD000A96891601C46D1462AE709EB0701ABEBF6
:100CE000070B4BF0010299604A6055F8043C03F091
:100CF00001031F43404645F8047CFFF7B3FE2E4630
:100D000028E72946FFF744FEFFE6294630461C4601
:100D1000D146FFF73DFE0BE7AB688360EB68C3602D
:100D2000242A17D000F1100305F11002E7E650F86D
:100D3000043C23F003031C442E46F9E6A968CAF8D4
:100D40001010E968CAF81410242A0CD010350AF1E2
:100D50001802B9E72B6903616B69436105F1180259
:100D600000F11803CBE62A69CAF818206A69CAF8A4
:100D70001C2018350AF12002A6E732467FE72946F3
:100D800030460193FFF704FE019B7EE7A968CAF88D
:100D90001010E968CAF81410242A03D010350AF19B
:100DA00018026CE72A69CAF818206A69CAF81C2078
:100DB00018350AF1200262E7780C402038B5074C5C
:100DC0000023054608462360F7F798FC431C00D033
:100DD00038BD2368002BFBD02B6038BDBC314520CB
:100DE0001F2928D820B5D0F8DC2282B00546AAB148
:100DF00052F8213093B1012B0ED0581C07D000259A
:100E0000084642F821509847284602B020BD1623D4
:100E100001202B6002B020BD0020F6E7284601919A
:100E200000F02AF801990A460146284602B0BDE8BA
:100E3000204000F00DB8162303604FF0FF307047DC
:100E4000024B01461868FFF7CBBF00BFD806402011
:100E500038B50B46074C054611461846002323605B
:100E6000F7F776FC431C00D038BD2368002BFBD07D
:100E70002B6038BDBC314520F7F76BBC10B50C4674
:100E8000B1F90E1002F0ECFE002803DB236D0344E1
:100E9000236510BDA38923F48053A38110BD00BF37
:100EA0002DE9F0411646B1F90C201F46D3050C463A
:100EB000054607D500220223B1F90E1002F0C0FB4F
:100EC000B4F90C20B4F90E1022F48052A2813B46F2
:100ED00032462846BDE8F04101F0D2BA10B50C46C2
:100EE000B1F90E1002F0ACFBA389421C0EBF23F433
:100EF000805343F480532065A38110BDB1F90E10D7
:100F000001F036BB2DE9F04FC3B00C460B91924671
:100F10000F930C9002F086FB03681A931846FDF7B6
:100F2000EFFCA3891990190603D52369002B01F062
:100F3000038000230DF1C80913931593149327938D
:100F4000269318931B930993CDF89490C846169353
:100F500017939AF800305446E3B1252B02D119E0DB
:100F6000252B03D014F8013F002BF9D1A4EB0A057F
:100F700085B1269B279AC8F800A001332A44072B85
:100F8000C8F80450279226937FDC08F10808099BD3
:100F90002B4409932378002B7FD000231A468DF829
:100FA000773019460D939B464FF0FF3063780A90D7
:100FB00004F1010A0AF1010AA3F12000582800F205
:100FC000C183DFE810F03802BF03BF034002BF0354
:100FD000BF03BF03BF03BF03BF0345020302BF0339
:100FE0005D006B02BF0386029D039D039D039D036D
:100FF0009D039D039D039D039D03BF03BF03BF038B
:10100000BF03BF03BF03BF03BF03BF03BF03370358
:101010005703BF035703BF03BF03BF03BF039803B7
:10102000BF03BF03AD03BF03BF03BF03BF03BF03C2
:101030005902BF03BF031E03BF03BF03BF03BF03A8
:10104000BF03BF03BF03BF03BF03BF03C602DB026F
:101050005703570357038B02DB02BF03BF03900202
:10106000BF039D02CC01B4020802BF03E101BF032C
:101070007E00BF03BF030D020D980F9340420D90F9
:101080004BF0040B9AF8003094E725AA0B990C98C2
:1010900002F0FCFD40B9C84679E7279B23B10C98C4
:1010A0000B9925AA02F0F2FD0B9B9B8913F0400FD0
:1010B000099B18BF4FF0FF330993099843B0BDE86F
:1010C000F08F1BF0200F119340F0DD810F9A1BF081
:1010D000100F134640F06E851BF0400F00F06A853C
:1010E00014880432002501230F9200278DF87770B1
:1010F0000A994A1C00F065822BF08002079254EA9C
:10110000050240F06482002940F03C84002B40F04E
:10111000D7841BF001030E9300F0048642AE302307
:1011200006F8413D0A9B0E9A9342B8BF13460893B6
:101130000023129317B1089B01330893079B13F008
:101140000203109302D0089B02330893079B13F00D
:10115000840540F00E830D9B089AA3EB020BBBF1B4
:10116000000F40F30683BBF1100F279C269A29DD60
:1011700043462146A84610270C9C0B9D06E0ABF188
:10118000100BBBF1100F03F1080318DD0132B74853
:1011900026921031072A279183E88100EFDD25AAE6
:1011A0002946204602F072FD00287FF47DAFABF1A6
:1011B000100BBBF1100F2799269A4B46E6DC4546EB
:1011C0000C4698460132A94B26925C44072A279484
:1011D00088E8080800F398849DF8777008F10808FB
:1011E00077B1269B013301340DF177010122072BE2
:1011F0002794269388E8060000F3DB8308F10808AB
:10120000109B6BB1269B013302341EA90222072BCF
:101210002794269388E8060000F3D68308F108088F
:10122000802D00F015830A9B0E9A9F1A002F36DD41
:10123000102F269B8E4D27DD42462146B0464FF0AB
:10124000100B2E460C9C0B9D04E0103F102F02F15A
:10125000080215DD01331031072B2791269382E810
:101260004008F2DD25AA2946204602F00FFD00289D
:101270007FF41AAF103F102F2799269B4A46E9DCCE
:1012800035460C464646904601333C44072B27948E
:10129000269388E8A00000F3818308F10808079BE3
:1012A000DF0500F16882269B0E99C8F800600133C3
:1012B0000C44072B2794C8F80410269300F34D83A1
:1012C00008F10808079B5B073AD50D9B089A9D1A01
:1012D000002D35DD102D269B20DD10260C9FDDF81E
:1012E0002CB004E0103D102D08F1080816DD013384
:1012F0005E4A26931034072B279488E84400F1DDDA
:1013000025AA5946384602F0C1FC00287FF4CCAE2D
:10131000103D102D279C269BC846E8DC0133534A1C
:1013200026932C44072B279488E8240008DD25AA5F
:101330000B990C9802F0AAFC00287FF4B5AE279C0C
:10134000099B0D9A08998A42ACBF9B185B180993B8
:10135000002C40F00D8300232693C846F9E5119335
:101360001BF0200340F0E3811BF0100240F02E84BC
:101370001BF0400300F02A840F9913460A460432FA
:101380000C880F920025B0E60F9A1193166800247E
:101390008DF87740151D002E00F0A7860A9A531C81
:1013A00000F0098621463046FFF7A2FA002800F037
:1013B000E186831B0E930A940F95CDF81CB023EAA7
:1013C000E373089312949DF87770B3E69AF80030AF
:1013D00001222B21EEE54BF0200B9AF80030E9E5D5
:1013E0001193002A40F09587224B18931BF0200F91
:1013F00040F011810F9A1BF0100F134640F0E1836B
:101400001BF0400F00F0DD83043314880F93002598
:101410001BF0010F00F00C8154EA050300F0088175
:1014200030239DF844208DF878308DF879204BF0EA
:10143000020B022359E69AF8003000297FF4BAAD76
:1014400001222021B6E54BF0010B9AF80030B1E5FE
:101450000F9C23680D9318460028234603F10403CC
:10146000FFF60AAE0F939AF80030A3E558814100C9
:1014700068814100F88041004BF0100B1BF0200FF9
:1014800011933FF423AE0F9D073525F0070303F1B9
:101490000802D3E900450F92012326E69AF80030AE
:1014A0002A2B0AF1010400F02787A3F13000092854
:1014B000A24600F2AD8600231C461AF8013B04EB5D
:1014C000840400EB4404A3F130000928F5D90A9400
:1014D00072E54BF0800B9AF800306BE54BF0400B57
:1014E0009AF8003066E59AF800306C2B03BF9AF842
:1014F00001304BF0200B0AF1010A4BF0100B59E5BB
:10150000002A40F011871BF0200F40F0F9841BF0F7
:10151000100F40F0AC841BF0400F00F0A8840F9A2D
:10152000136804320F92BDF824201A8011E50F9938
:10153000B34B0C6818933022782304318DF879303E
:1015400011934BF0020B0F9100258DF878200223A8
:10155000CBE50F9911930A688DF8A02000230A4665
:101560001F468DF87730043201230893CDF81CB064
:101570000A9712970F920E9328AEDFE51193002A77
:1015800040F0EA861BF0200F5DD11BF0100F40F0F9
:1015900008831BF0400F00F004830F99B1F900405D
:1015A0000431E51722462B460F91002A73F1000300
:1015B00058DB0A999DF877704A1C4FF001037FF4BD
:1015C0009BAD54EA050200F0DF81CDF81CB0012B81
:1015D00000F07B82022B40F0068218984E462309C9
:1015E00004F00F0143EA05732A091C461546435CC3
:1015F00006F8013D54EA0503F1D1A9EB06030E9369
:1016000090E51193002A40F0A3867E4B18931BF0BF
:10161000200F3FF4EFAE0F9D073525F0070303F1D0
:1016200008021BF0010F0F92D3E900457FF4F4AEDE
:1016300002235AE51193002A40F086864BF0100BE6
:101640001BF0200FA1D00F9D073525F00705D5E928
:101650000023002A05F108011D4673F100030F91D4
:101660001446A6DA2D27644265EB45058DF87770A0
:1016700001233DE51193002A40F062860F9D073556
:1016800025F0070303F108020F921A6815925B68B0
:101690001493149B159D23F00044284621464FF0D7
:1016A000FF32594B02F058FD002840F04A8328468B
:1016B00021464FF0FF32544BFCF76AF9002840F006
:1016C000408315A80DC81499FCF758F9002840F07C
:1016D00030859DF877704D4E4D4B2BF08000079074
:1016E00011980322002108920A914728D8BF1E466C
:1016F0000E9212911EE54BF0080B9AF8003059E457
:10170000A3F1300000231C461AF8013B04EB8404CB
:1017100000EB4404A3F130000928F5D90D944BE403
:101720004BF0100B11931BF020033FF41DAE0F9DE7
:10173000073525F0070303F10802D3E900450F92AE
:101740000023D2E41193002A40F0E785119A002A81
:101750003FF4A3AC002301211F4608918DF8A0207F
:10176000CDF81CB08DF877300A9312930E9128AE05
:10177000E4E4279C34E5119B652B40F3A78015A872
:101780000DC81499FCF7F0F8002800F05081269B52
:10179000204AC8F80020013301340122072B279486
:1017A0002693C8F8042000F36A8308F108081F9BF9
:1017B000139A279C934203DB079BDD077FF582ADDD
:1017C000269B19991A9AC8F8002001330C44072B5C
:1017D000C8F804102794269300F39E8308F10808A4
:1017E000139B5E1E002E7FF76DAD102E269B0A4DBB
:1017F00040F3F58122461027DDF830B00B9C13E052
:10180000F8804100E4804100FFFFEF7F4881410004
:1018100044814100548141006881410008F1080879
:10182000103E102E40F3DA8101331032072B27923D
:10183000269388E8A000F1DD25AA2146584602F04B
:1018400025FA00287FF430AC279A269BC846E7E7A4
:101850000D9B089A9F1A002F7FF7E5AC102F269B4F
:10186000B64D27DD42462146B0464FF0100B2E46BE
:101870000C9C0B9D04E0103F102F02F1080215DDB7
:1018800001331031072B2791269382E84008F2DDBF
:1018900025AA2946204602F0F9F900287FF404AC75
:1018A000103F102F2799269B4A46E9DC35460C4607
:1018B0004646904601333C44072B2794269388E8FC
:1018C000A00000F3328208F10808ACE4139B269FC5
:1018D000012B40F3FE81013701340123072F2794A8
:1018E0002697C8F80060C8F8043000F3038208F1B6
:1018F0000808199A1A9BC8F8003001371444072FBA
:1019000027942697C8F8042000F3008208F10808FD
:1019100015A80DC81499FCF727F8139B002840F070
:101920000181013B013701361C44072F269727947C
:10193000C8F80060C8F8043000F3278108F10808EF
:101940001B9AC8F804200137144421AB072F2794B1
:101950002697C8F800307FF7B3AC25AA0B990C98EE
:1019600002F094F900287FF49FAB279CC846A9E4B5
:1019700025AA0B990C9802F089F900283FF4EBACEA
:10198000FFF792BBDDF81CB0012B00F03481022B75
:1019900025D1CDF81CB0002400251EE625AA0B9900
:1019A0000C9802F073F900287FF47EAB279CC846A0
:1019B00075E425AA0B990C9802F068F900287FF4C9
:1019C00073AB279CC8461BE425AA0B990C9802F020
:1019D0005DF900287FF468AB279CC84620E4CDF869
:1019E0001CB000240025494600E03146E20842EAE6
:1019F0004572E80804F0070305461446303354EAFC
:101A0000050201F8013C01F1FF36EED1079AD20739
:101A10007FF5F3AD302B3FF4F0AD0239302306F8FB
:101A2000013CA9EB01030E930E46FFF77BBB1F9908
:101A3000002940F32E82129B139A9342A8BF1346AB
:101A4000002B1F460DDD269BC8F8006001333C4487
:101A5000072B2794C8F80470269300F31F8308F11E
:101A60000808129B002FA8BFDB1B002B1F4640F36A
:101A7000D680102F269B314D40F3ED814246214602
:101A8000B0464FF0100B2E460C9C0B9D04E0083224
:101A9000103F102F40F3DB8101331031072B2791CA
:101AA000269382E84008F2DD25AA2946204602F066
:101AB000EDF800287FF4F8AA2799269B4A46E7E725
:101AC0000A9B0E934E46FFF72DBB002D08BF0A2C34
:101AD000C0F08F804E46204629460A220023FCF79C
:101AE00099FA303206F8012D2046294600230A22B1
:101AF000FCF790FA04460D4654EA0503EBD1A9EB36
:101B000006030E93FFF70EBB25AA0B990C9802F063
:101B1000BDF800287FF4C8AA9DF87770279CC846B6
:101B2000FFF75EBB5E1E002E7FF70AAF102E034D3F
:101B300022DD22464FF0100B0C9C06E0688141002C
:101B4000103E102E08F1080815DD01371032072F5E
:101B50002792269788E82008F2DD25AA0B992046CF
:101B600002F094F800287FF49FAA103E102E279AC6
:101B7000269FC846E9DC144601373444072F2794D2
:101B8000269788E860007FF7D9AE25AA0B990C98B4
:101B900002F07CF800287FF487AA279C269FC8467D
:101BA000CEE60F9A146813460433E5170F932246C6
:101BB0002B46FAE404321C680F9201230025FFF73C
:101BC00094BA1C6804330F93002521E40F990A4648
:101BD00004320C680F920025FFF787BA14460133D0
:101BE0003444072B2794269388E860007FF768AB7E
:101BF000B3E6DDF81CB0CDF81CB042AE30340123A2
:101C000006F8414D0E93FFF78DBA25AA0B990C9853
:101C100002F03CF800287FF447AA279CC8461F9A88
:101C2000139B9A4244DB079BD90741D4139B12981C
:101C30009A1A1D1A9542A8BF1546002D0EDD269949
:101C4000C8F80450013106442C440729C8F8006044
:101C50002794269100F33B8208F10808002DACBFC1
:101C6000561B1646002E7FF72DAB102E269BB04D2F
:101C7000B5DD22461027DDF830B00B9C04E008F1FA
:101C80000808103E102EA9DD01331032072B2792D1
:101C9000269388E8A000F2DD25AA2146584601F0E7
:101CA000F5FF00287FF400AA279A269BC846E8E79C
:101CB000269B19981A99C8F8001001330444072B81
:101CC0002794C8F80400269300F3F58108F108086A
:101CD000ACE7079BDA073FF5FEAD0137013401237E
:101CE000072F27942697C8F80060C8F804307FF7BC
:101CF00025AE4AE725AA0B990C9801F0C7FF0028EA
:101D00007FF4D2A9279C269FC846F2E525AA0B9905
:101D10000C9801F0BBFF00287FF4C6A9279C269FE2
:101D2000C846F5E54E46FFF7FDB925AA0B990C9874
:101D300001F0ACFF00287FF4B7A9279CC846FFF745
:101D400072BA159C22462046149C2346214602F076
:101D500003FA002840F086820A9B0133119B23F08E
:101D600020030E9300F0E281472B00F01E814BF41C
:101D700080730793149B1F1E159B0893BBBF3B46A4
:101D800003F1004700232D231093119B662B00F0D5
:101D9000BB81462B00F0DF800E9B089A452B0CBFC1
:101DA0000A9B0A9D23A820A908BF5D1C04900391EB
:101DB0001FA802213B460290019500910C9800F06B
:101DC0007FFC119B672B064640F0E0811BF0010F62
:101DD00000F046827419169A0898179B3946FBF74B
:101DE000C3FD002840F06581239BA34206D2302129
:101DF0005A1C23921970239B9C42F9D89B1B139366
:101E00000E9B472B00F0E980119B652B40F3CD81A1
:101E1000119B662B1F9B129300F09E81139B129ABD
:101E20001946914200F38A811BF0010F40F01382A2
:101E300022EAE273089367230E921193109B002B02
:101E400040F0C4800A939DF87770FFF773B9354668
:101E50000C464646904601333C44072B2794269374
:101E600088E8A0003FF7D1AE08F10808D7E60F9A3E
:101E7000136804320F92099A1A60FFF76AB825AA0C
:101E80000B990C9801F002FF00287FF40DA9C846B9
:101E90008DE4269B274AC8F8002001330134012233
:101EA000072B27942693C8F8042072DC08F1080851
:101EB00029B9139B1BB9079BD8077FF503AA269B5B
:101EC00019981A9AC8F80020013302462244072BB9
:101ED0002792C8F80400269300F38D8108F10808C2
:101EE0000029C0F265811399C8F8006001338C188D
:101EF000072B27942693C8F804107FF7E1A92CE557
:101F00000F9A09991368CD170846043229460F9293
:101F1000C3E90001FFF71DB825AA0B990C9801F041
:101F2000B5FE00287FF4C0A8279CC84658E400BF2F
:101F3000688141005481410040210C98FEF712FA5B
:101F40000B9A10601061002800F0F2810B9A402378
:101F50005361FEF7EEBF23A820A90A9C04900391C9
:101F60001FA803210290089A01943B4600910C9807
:101F700000F0A6FB25460646119B462B06EB050402
:101F80007FF429AF3378302B00F078811F9D2C44EB
:101F900021E725AA0B990C9801F078FE00287FF420
:101FA00083A81F99279CC84682E70A9B002B08BF7D
:101FB00001230A93DBE630460A94FCF7A1FC0F9557
:101FC0000E90CDF81CB00346FFF7F9B92D2700237A
:101FD0008DF877700A93FFF7AEB81F9B12931A46DD
:101FE000033304DB0A9B19469142BFF617AF119BDE
:101FF000023B11939DF844308DF88430129B013BD5
:10200000002B1F93BDBF129BC3F101032D222B2276
:10201000092B8DF8852040F316810DF1930420469D
:10202000AB4D00E0104685FB0312D917C1EBA201AE
:1020300001EB8102A3EB42023032092900F8012CA6
:102040000B4600F1FF32EDDC30330238D9B2844266
:1020500002F8011C40F265810DF18600134601E093
:1020600013F8011B00F8011BA342F9D101339B1A9D
:102070000DF18602134421AA9B1A139A1B93012A7D
:1020800013440E9340F319810E9B199A13440E9337
:1020900023EAE373089300231293CFE625AA0B9952
:1020A0000C9801F0F3FD00287EF4FEAF279CC84693
:1020B000D7E42346A2E625AA0B990C9801F0E6FD89
:1020C00000287EF4F1AF1F9A279CC846AEE525AAEA
:1020D0000B990C9801F0DAFD00287EF4E5AF1F9A09
:1020E000139B279C9A1AC846B8E50A9B1296062BA2
:1020F00028BF06230A96374608930F95CDF81CB0E3
:102100000E93744EFFF716B823A820A90A9D0490D9
:1021100003911FA803210290089A01953B46009164
:102120000C9800F0CDFA064644192BE706230A93D3
:102130001DE62D278DF87770FFF7CDBA199A139BFE
:102140001344129A0E93002A40F3B08023EAE373FB
:1021500008936723119371E6002B40F3C3800A9A1A
:10216000002A40F099801BF0010F40F09580089301
:102170000E9363E60A9B08930E930A900F95CDF891
:102180001CB012909DF87770FEF7D4BF119B472BBF
:102190007FF420AE1BF0010F7FF4EEAE239B9B1B60
:1021A00013930E9B472B3FF418AF1F9B129321E70D
:1021B0004F421031484D2FDA1024DDF830B004E0E2
:1021C00008F10808103F102F26DD01331032072BCD
:1021D00027922693C8F80050C8F80440F0DD25AADD
:1021E0000B99584601F052FD00287EF45DAF279A06
:1021F000269BC846E6E725AA0B990C9801F046FDF8
:1022000000287EF451AF1F99279A269BC84667E69F
:1022100000200A90FEF7D0BE01333A44072B88E82D
:10222000A0002792269308F108087FF75CAE25AA44
:102230000B990C9801F02AFD00287EF435AF279AFF
:10224000269BC8464FE6303330228DF887308DF814
:10225000862022AB0FE7129B199A13440E9375E761
:10226000239BCBE5149B1D4E002BB6BF2D279DF85D
:1022700077708DF877701A4BFFF72FBA169A089877
:10228000179B3946FBF770FB00287FF47FAEC5F142
:1022900001051F952C449EE5129B199A13440A9A36
:1022A0001A4422EAE2730E920893C7E5129B0E9A33
:1022B000C3F101031A441346D0E71BF00103129344
:1022C0007FF4E2AE0E9B23EAE3730893B6E500BF0A
:1022D000676666660C81410068814100508141005B
:1022E0004C8141000A9B13B91BF0010F02D0199BCE
:1022F0000133D4E701233AE70F9D9AF801302868AB
:1023000040EAE0700A9028460430A2460F90FEF79B
:1023100051BE8DF87710FFF767B88DF87710FFF78B
:1023200015BA0DF18603A6E68DF87710FFF7EBB826
:102330000C9A0C2313604FF0FF330993FEF7BDBED8
:102340008DF87710FFF79AB98DF87710FFF776B907
:102350008DF87710FFF759B98DF87710FFF712B99C
:10236000F8B50D461446064610B1836B002B4BD0D2
:10237000B4F90C20A369A36091B2080739D5236989
:10238000002B36D0EDB289042F4615D5226861693D
:10239000D31A8B421CDA0133A168501C0139A160A9
:1023A0002060157062699A421AD0A389DB0701D5B3
:1023B0000A2D15D03846F8BD616E42F4005221F462
:1023C0000051A281226861666169D31A8B42E2DB07
:1023D00021463046FDF732FB40B922680123DBE796
:1023E00021463046FDF72AFB0028E3D04FF0FF37A7
:1023F000E0E721463046FDF705FA0028F6D1B4F9AA
:102400000C20236991B2BDE7FDF770FBB0E700BF78
:10241000F0B5064685B01F4689B1104C104D2468B2
:10242000646B002C08BF2C46D4F8E040A047431C46
:1024300003D100228A233A60336005B0F0BD0C4618
:102440000649074A0968496B002908BF1146224618
:10245000D1F8E04001A9A047E9E700BFD806402035
:102460000C0B402021B1FF2A04D80A7001207047CC
:10247000084670478A2303604FF0FF30704700BF63
:1024800070B50D46084C114606461A4628460023EC
:102490002360F4F731F8431C00D070BD2368002B93
:1024A000FBD0336070BD00BFBC3145202DE9F8433F
:1024B0002C4D0646286898460F469146FDF7D6FEF5
:1024C000294B1C68D4F84831002B3ED05A681F2A8B
:1024D0001CDC02F1010E76B103EB82010124C1F88C
:1024E0008890D3F8880194402043022EC3F88801D5
:1024F000C1F8088123D00232C3F804E0286843F809
:102500002270FDF7B5FE0020BDE8F883174B0BB332
:102510004FF4C870AFF300800346D8B1D4F8482117
:102520000260002141600A46C4F848014FF0010EE4
:10253000C0F88811C0F88C11002EDCD0CCE7D3F89D
:102540008C110C43C3F88C41D5E704F5A673C4F88D
:102550004831BBE72868FDF78BFE4FF0FF30BDE840
:10256000F88300BF080B4020E0804100000000001D
:1025700038B5074C0023054608462360F6F7DAF81D
:10258000431C00D038BD2368002BFBD02B6038BD26
:10259000BC31452002690B69934200F38D802DE91F
:1025A000F04F03F1FF3801F1140700F1140B57F855
:1025B00028205BF828304FEA880483B00132B3FB4F
:1025C000F2F90BEB0403009407EB040A0193B9F151
:1025D000000F39D000252E46BC46DE465CF8044B81
:1025E000DEF80030A2B209FB0255220C2C0C09FBCC
:1025F0000242ADB2751B96B2C6EB134615FA83F3D1
:1026000006EB23469BB243EA0643E2454FEA1245F6
:102610004EF8043B4FEA2646E0D2009B5BF80330BD
:1026200093B9019C231F9B450CD254F8043C4BB931
:10263000A4F1080302E01A68043B1AB99B4508F1AB
:10264000FF38F8D3C0F81080044601F00DFA0028D6
:102650002EDB09F101095D46002357F8041B2868A9
:102660008AB29A1A0B0C12FA80F2C3EB104303EBF6
:10267000224392B242EA0342BA4545F8042B4FEA9C
:102680002343EAD25BF828200BEB880382B91A1F98
:1026900093450BD253F8042C42B9083B02E01A6868
:1026A000043B1AB99B4508F1FF38F8D3C4F81080F1
:1026B000484603B0BDE8F08F0020704700000000DE
:1026C0002DE9F04F016C9BB00446279E92469B4635
:1026D00041B1426C4A60012393408B6000F0ECFFF3
:1026E00000232364BBF1000F5D4635DB002333601C
:1026F0009D4BAB4315D05046594600220023FBF7B3
:1027000033F9804600282DD0269A01231360289B98
:10271000002B00F0BD809548186001381BB0BDE863
:10272000F08F269A42F20F731360BAF1000F0DD1A9
:10273000C5F3130555B9289B8D48002BEED000F149
:102740000803289A13601BB0BDE8F08F289B8948C6
:10275000002BE3D0C31CF4E701232BF000453360CA
:10276000AB46C5E718AA19AB0192009352465B46E7
:10277000204601F019FA2B0D814671D0CBF31302DC
:1027800042F07F51189FCDF850805046A3F2FF369B
:1027900041F440110022784B01F02AFB6CA3D3E9ED
:1027A0000023FAF779FE6CA3D3E9002301F022FBA2
:1027B000CDE90201304601F069FC69A3D3E90023A9
:1027C000FAF76AFE02460B46DDE9020101F012FB50
:1027D000CDE9040101F0D6FC002202900023DDE9DE
:1027E0000401FBF7CBF8002840F07381029D162D01
:1027F00000F25D81614B03EBC503D3E90001524652
:102800005B46FBF7D9F8002800F0C5816B1E0293E8
:1028100000230E93BF1B7B1E069300F154810023FF
:102820000893029B002BC0F24581069A0D93114636
:102830001944002306910C93249B092B2AD8052BBD
:1028400040F35B86043B24930025249B023B032B2F
:1028500000F24286DFE813F0D403C902DF0361040B
:10286000189F199E3E4406F23243202B40F38E817E
:10287000C3F1400306F212409D402AFA00F02843BB
:1028800001F0F4FB0123013EA1F1F871149381E7FB
:102890003B4843E7002161642046259100F0E6FEB5
:1028A0004FF0FF330A93259A0F930123049020647D
:1028B00024920B93199B002BC0F2D980029A0E2A06
:1028C00000F3D5802D4B03EBC203D3E90023CDE900
:1028D0000823259B002BC0F2BA83DDE90856504639
:1028E0002A4633465946FAF701FF01F04BFC804671
:1028F00001F0CCFB2A463346FAF7CEFD0B460246E2
:102900005946504601F074FA049D08F130032B70CB
:102910000A9B012B06460F4605F1010568D00022EF
:10292000184BFAF7B9FD0022002306460F46FBF7C5
:102930001BF8002840F08880CDF82C904FF0000A5A
:10294000DFF840B00C94DDE9088928E0AFF300809F
:1029500061436F63A787D23FB3C8608B288AC63FA5
:10296000FB799F501344D33F0000F07F5581410015
:102970007C824100888241000000F83FB88241001B
:102980005481410000002440FAF786FD0022002314
:1029900006460F46FAF7E8FF002840F0C18342469A
:1029A0004B4630463946FAF7A1FE01F0EBFB0446F0
:1029B00001F06CFB42464B46FAF76EFD02460B46B1
:1029C0003046394601F014FA04F1300E049E05F841
:1029D00001EBA5EB060E0A9EB645CDE9060152466F
:1029E0005B46D1D1A046DDF82C900C9C06460F46E4
:1029F00032463B463046394601F0FCF906460F4662
:102A000002460B46DDE90801FAF7B8FF48B932463D
:102A10003B46DDE90801FAF7A7FFA8B118F0010F5E
:102A200012D015F8018C049A6B1E04E09A4200F053
:102A3000018413F8018DB8F1390F03F10105F5D0C8
:102A400008F1010883F800804946204600F034FE72
:102A50000022029B2A70269A01331360289B002BC8
:102A600000F09E8304981D601BB0BDE8F08F0B9AA8
:102A7000002A3ED0249A012A40F311830A9B0C9A23
:102A80005F1EBA42C0F28F83D71B0A9B002BC0F295
:102A90008B84089D0A9B089A1A440892069A012181
:102AA0001A442046069200F0A1FE064624E00123C7
:102AB0000E93AFE6089A029BD21A5B420C93002356
:102AC00008920D93B8E6C7F101030893002306931B
:102AD000A7E6029D284601F0D9FA02460B46DDE939
:102AE0000401FAF741FF00287FF480AE6B1E0293C9
:102AF0007CE60C9F089D0B9E002D0CDD069900299D
:102B00000B4608DDA942089AA8BF2B46D21AED1A37
:102B1000CB1A089206930C9BD3B10B9B002B00F0B1
:102B2000B782002F10DD31463A46204600F0FAFE0B
:102B30004A4601460646204600F062FE4946804667
:102B4000204600F0B9FDC1460C9BDA1B40F0A18283
:102B50000121204600F04AFE0D9B002B80461CDD23
:102B600001461A46204600F0DDFE249B012B8046DC
:102B700040F3548200230C93D8F8103008EB830301
:102B8000186900F0E3FDC0F1200010E0C3F120055A
:102B90000AFA05F074E60E903CE6249B012B40F304
:102BA000878200230C930D9B0120002BE4D1069A11
:102BB000104410F01F0000F0A180C0F12003042B8E
:102BC00040F39E84089BC0F11C0003440893134605
:102BD000034405440693089B002B05DD49461A462D
:102BE000204600F0EFFE8146069B002B05DD4146A6
:102BF0001A46204600F0E6FE80460E9B002B40F071
:102C000086800A9B002B40F366820B9B002B00F012
:102C10009880002D05DD31462A46204600F0D2FE80
:102C200006460C9B002B40F0378306960A9B049ABD
:102C3000DDF818B0013BD3180B930AF001030C9395
:102C40001746C24651464846FFF7A4FC31460546A2
:102C5000484600F009FF5A460A905146204600F0C7
:102C60001FFFC268804605F13003002A40F02B8226
:102C700001464846089300F0F7FE4146069020467C
:102C800000F01AFD069A089B32B9249921B90C9AD2
:102C9000002A00F0EF83249A0A990029C0F29F824B
:102CA00005D1249919B90C99002900F09882002ABD
:102CB00000F306830B9A3B7007F1010897424546E3
:102CC00000F00C83494600230A22204600F0FEFC57
:102CD0005E45814631464FF000034FF00A02204620
:102CE00000F0EB8100F0F2FC5946064600230A2270
:102CF000204600F0EBFC47468346A3E71C20089BD8
:102D000003440893069B03440544069363E7414646
:102D1000484600F0A9FE0028BFF673AF029F49465F
:102D200000230A222046013F029700F0CFFC0B9BB4
:102D30008146002B40F0B6830F9B002B40F3BF83EE
:102D40000A93DDF810B00A9F5D4602E000F0BEFC79
:102D5000814641464846FFF71DFC00F1300A05F860
:102D600001ABA5EB0B03BB424FF00A024FF000038F
:102D700049462046EADB049B0A9A012AACBF9B180D
:102D800001331D464FF0000B49460122204600F05A
:102D900019FE4146814600F067FE002840F33D825F
:102DA00015F8012C04996B1E04E08B4200F0AE81F3
:102DB00013F8012D392A03F10105F6D001321A70FA
:102DC0004146204600F078FC002E3FF43DAEBBF1BA
:102DD000000F05D0B34503D05946204600F06CFCE7
:102DE0003146204600F068FC2EE600230B93029B40
:102DF000259A13440F930133012B1F461E460A9355
:102E0000B8BF01270021172F61640AD901220423CA
:102E10005B0003F114008742114602F10102F7D270
:102E20006164204600F022FC0E2E049020643FF6E0
:102E300041AD002D3FF43EAD02990029CDE910AB24
:102E400040F30282B84B01F00F020D1103EBC203F5
:102E5000E906D3E9006740F1AE81B44B50465946CC
:102E6000D3E90823FAF742FCCDE9120105F00F057A
:102E70004FF0030A8DB1DFF8B482EA0709D5304676
:102E80003946D8E90023FAF707FB0AF1010A06469A
:102E90000F466D1008F10808EFD13B463246DDE9D8
:102EA0001201FAF723FC074688460E9B43B1002225
:102EB0009F4B38464146FAF761FD002840F0868274
:102EC000504601F0E3F83A464346FAF7E5FA994BE3
:102ED000002200F08FFF0A9B0546A1F15076002BDF
:102EE00000F03E81029B15930A9B12930B9B002BD3
:102EF00000F0FA81129A8C4B8F4903EBC20353E91D
:102F000002230020FAF7F2FB2A46334600F070FF56
:102F100082468B463846414601F034F9054601F0B9
:102F2000B5F802460B463846414600F061FF3035A1
:102F30005FFA85F8049D06460F4685F80080024634
:102F40000B46504659460135FAF736FD002854D154
:102F500032463B460020764900F04AFF02460B46C7
:102F600050465946FAF728FD002840F07082129A20
:102F7000012A00F01181129B049ACDF84890134465
:102F800099460DE000206A4900F032FF52465B4648
:102F9000FAF7F4FC002840F058824D4500F0FA8022
:102FA000504659460022654BFAF776FA0022634BE9
:102FB00082468B4630463946FAF76EFA0F46064689
:102FC00001F0E0F8804601F061F802460B46304619
:102FD000394600F00DFF08F130085FFA88F85246D4
:102FE0005B4605F8018B06460F46FAF7C7FC3246EA
:102FF0003B460028C6D0DDF84890159B029323E598
:1030000000230B93259B002B40F3DC801F461E46BC
:103010000F930A93F6E601230B93F3E7BAF1000F3F
:103020007FF4A8ADCBF31303002B7FF4BAAD2BF0E4
:1030300000473F0D3F05002F00F00D82089B013334
:103040000893069B0133069301230C93ABE50A9B7F
:10305000002B3FF742AC40F021820022384BDDE9E3
:103060000801FAF719FA52465B46FAF79BFCDDF8BD
:1030700028804646002841D0259B049DDB430293CF
:103080004146204600F018FB002E3FF4DDACA7E6D9
:103090000C9A4946204600F045FC814658E5149AB2
:1030A000002A00F0878103F233430C9F089DF2E46D
:1030B000BAF1000F7FF475ADB4E700F007FB4746A7
:1030C00006468346BEE501462046069300F0F4FA24
:1030D0000122069BE0E5249B022B7FF796AD0A9B1D
:1030E000002BC9D141460522204600F0EFFA0146E7
:1030F0008046484600F0B8FC0028BDDD029A0499DD
:103100003123013202920B704D1CB9E7029A013251
:103110000292049A3123137052E601230B9366E660
:10312000DDF82C900C9C8FE4B88241009082410025
:103130000000F03F00001C400000E03F0000244081
:1031400000001440504600F0A1FF3A464346FAF70B
:10315000A3F90022C14B00F04DFE0546A1F15076C7
:1031600041460022BE4B384600F042FE2A46334616
:1031700082468B46FAF720FC8046002840F01081FA
:103180002A4606F1004350465946FAF7F7FB18B1B4
:10319000464671E7DDF84890DDE910ABFFF78ABBE2
:1031A0000498FFF7BBBA0C9B0D9A0C97FB1A1A44B4
:1031B0000D92002769E4DDE910234FF0020ACDE902
:1031C000122357E60021012361642046259300F075
:1031D0004DFA259B049020640A930F9329E6002A58
:1031E000D046CDF818B09A4611DD49460122204656
:1031F00000F0E8FB4146814600F036FC002840F331
:103200004681BAF1390F00F0068105F1310AB34663
:1032100087F800A07D1C069ED2E504D11AF0010FAC
:1032200001D0BDE5154615F8013C302B05F1FF3204
:10323000F8D0C5E5049930220A70029A15F8018C7D
:1032400001320292FFF7FCBB00F0BB80029B5D42A3
:10325000844B05F00F0203EBC203D3E90023DDE941
:103260001001FAF719F92D110746884600F02C8154
:103270007D4E4FF0020AEB0709D538464146D6E9A4
:103280000023FAF709F90AF1010A074688466D108A
:1032900006F10806EFD108E67168204600F0E6F96D
:1032A000336902339A00054606F10C010C30FBF736
:1032B000C3F829460122204600F084FB0690B5E4BD
:1032C000392BCDF818B0D04600F0A58003F1010AE3
:1032D000B34687F800A07D1C069E71E55A46D0468D
:1032E000B3469A4616464FE5129B5E4901EBC30171
:1032F0002A46334651E90201FAF7CEF8CDE9160124
:103300003846414600F03EFF054600F0BFFE0B4642
:1033100002464146384600F06BFD129B0F46049969
:103320003035012B0D70064601F1010526D0129BA8
:10333000049ADFF83CB1CDF8489013444FF0000AEE
:10334000994652465B4630463946FAF7A5F80F468D
:10335000064600F017FF804600F098FE08F130089E
:1033600002460B463046394600F042FD05F8018B17
:103370004D4506460F46E4D1DDF848903B4B002210
:10338000DDE9160100F036FD32463B46FAF7F6FA63
:10339000002846D0159B029315F8018CFFF743BB1C
:1033A0004FF000084646A9E6089B0A9A9D1A00239A
:1033B000FFF771BB189B0C9F089DC3F13603FFF705
:1033C0006ABBDDE910784FF0020A6EE50A9B002B1C
:1033D0003FF4B8AE0F9B002B7FF7DEAE0022244BEC
:1033E00038464146FAF758F8074688460AF1010080
:1033F00000F04CFE3A464346FAF74EF80022174BCF
:1034000000F0F8FC029A0F9B1293013A0546A1F1D5
:10341000507615926AE53922B3463A70069E7D1CB5
:10342000C0E4DDE916230020104900F0E1FC32463B
:103430003B46FAF7C1FA08B9AEE6154615F8013C65
:10344000302B05F1FF32F8D0D7E5DDF84890159B19
:103450000293FFF7E8BA0C97FFF7A5BB00001C40EA
:1034600000001440B8824100908241000000E03F1B
:1034700000002440392BCDF818B0D046DDF828B034
:103480009A46C8D0BBF1000F3FF7BFAEBFE67FF44E
:10349000BEAE1AF0010F3FF4BAAEB2E64FF000082C
:1034A0004646E9E5314600230A22204600F00EF99F
:1034B0000F9B002B06460ADD0A93FFF7AABB249B4D
:1034C000022B23DC0F9B3BE44FF0020AEDE4249B2C
:1034D000022B1BDC0F9BEFE7002565642946204685
:1034E00000F0C4F84FF0FF330A930F9301230490C8
:1034F000259520640B93FFF7DDB90125FFF7A5B9EA
:103500003FF469ABC0F13C00FFF7F9BB0F9B0A9396
:10351000E5E500BF70B559B105460C4610B1836BA7
:10352000002B3CD0636ED80705D5B4F90C302BB90D
:103530000026304670BDA38999053CD52146284612
:10354000FCF7DCF9E36A064633B1E169284698479F
:103550000028B8BF4FF0FF36A3891A0622D4216B8A
:1035600041B104F14003994202D02846FCF7E4FB44
:1035700000232363616C21B12846FCF7DDFB0023A7
:103580006364FCF7DFFA636E0022DB07A2810ED5CD
:10359000A06DFCF769FEFCF7DBFA304670BDFCF766
:1035A000A5FABFE721692846FCF7C6FBD7E7A06D5F
:1035B000FCF75EFEECE7A06DFCF758FEB4F90C30AA
:1035C000002BBBD1666E16F00106B1D1A06DFCF7E1
:1035D0004FFE304670BD00BF38B50B46074C054660
:1035E0001146184600232360F5F7A7F8431C00D0C6
:1035F00038BD2368002BFBD02B6038BDBC31452083
:1036000038B5074C0023054608462360F5F79AF8BD
:10361000431C00D038BD2368002BFBD02B6038BD85
:10362000BC314520044A054B1268506B002808BF86
:103630001846F030704700BFD80640200C0B4020E1
:1036400070B50D46084C114606461A46284600231A
:103650002360F5F779F8431C00D070BD2368002B78
:10366000FBD0336070BD00BFBC314520C36C70B56A
:1036700005460C464BB153F8240080B1026843F86C
:10368000242000230361C36070BD2122042100F0C7
:103690007BFBE86403460028EDD1002070BD0121CA
:1036A00001FA04F6721D2846920000F06DFB002816
:1036B000F3D044608660E4E731B1C36C4A6853F8E4
:1036C0002200086043F82210704700BFF0B50C6973
:1036D00083B00D46064601F1140E0027DEF8000007
:1036E00081B202FB0133010C180C02FB01019BB2F9
:1036F000013703EB0143BC424EF8043B4FEA114350
:10370000ECDC3BB1AA68944207DA05EB8402013491
:1037100053612C61284603B0F0BD69680193013103
:103720003046FFF7A3FF2A69023205F10C01074674
:1037300092000C30FAF780FEF26C6968019B52F837
:103740002100286042F821503D46DEE7020C1204B9
:103750000346B2B90304102013F07F4F04BF1B02CD
:10376000083013F0704F04BF1B01043013F0404FBA
:1037700004BF9B000230002B02DB5B0003D420203F
:1037800070470020E8E70130704700BF036813F07E
:103790000702014607D0DA0721D4980721D49B08F5
:1037A0000B600220704798B298B1104613F0FF0FDB
:1037B00004BF1B0A08301A0704BF1B0904309A070C
:1037C00004BF9B080230DA0707D45B0804D120202D
:1037D00070471B0C1020E9E701300B607047002098
:1037E00070475B080B600120704700BF10B50C46A6
:1037F0000121FFF73BFF01224461026110BD00BFC0
:103800002DE9F04F0C691569AC4283B08B46164622
:1038100004DA2246B3462C460E461546DBF808303D
:10382000DBF8041004EB05089845C8BF0131FFF729
:103830001DFF00F1140909EB880AD145009005D25B
:103840004B46002143F8041B9A45FBD806F1140CA3
:103850000CEB85030BF1140B9C450BEB840E4CD247
:10386000CDF804A09A46DCF80050AFB2EFB10021C9
:103870004D465E460C4656F8042B286893B281B23A
:1038800007FB0313120C010C234407FB021101EB8D
:1038900013419BB243EA0143B64545F8043B4FEA66
:1038A0001144E8D82C60DCF800502D0C1DD0D9F85C
:1038B000003048461C46594600220E88240C05FB61
:1038C000064422449BB243EA024340F8043B51F8C9
:1038D000043B04681B0CA6B205FB036303EB124315
:1038E0008E454FEA1342E8D803600CF1040CE24520
:1038F00009F10409B7D8DDF804A0B8F1000F0BDD19
:103900005AF8043CAAF1040A1BB105E05AF8043D38
:1039100013B9B8F10108F9D10098C0F8108003B0CC
:10392000BDE8F08F12F003032DE9F041144607467D
:103930002ED10D46A4101CD0BE6C96B3E3074FF0F9
:10394000000806D4641014D03068A8B10646E30716
:10395000F8D5324629463846FFF752FFB5B16A68B6
:10396000FB6C641053F82210296043F8225005467E
:10397000EAD12846BDE8F081324631463846FFF7A5
:103980003FFF3060C0F800800646E0E70546D9E713
:103990005A1E0B4D002355F82220FFF797FE0546CF
:1039A000C8E701213846FFF761FE40F2712101228C
:1039B0000023416102610646B8640360BEE700BFB0
:1039C000808341002DE9F84391460A698B684FEAEC
:1039D000691404EB020808F101059D420E460746F2
:1039E000496804DD5B009D4201F10101FADC3846C3
:1039F000FFF73CFE002C00F1140306DD03EB84020C
:103A0000002143F8041B9A42FBD1346906F11401EA
:103A100019F01F0901EB840E1DD0C9F1200C002202
:103A20000C6804FA09F4144343F8044B51F8042BCE
:103A30008E4522FA0CF2F3D81A600AB108F1020599
:103A4000FB6C7268013D53F822100561316043F848
:103A50002260BDE8F883043B51F8042B43F8042F9F
:103A60008E45F9D8ECE700BF30B40B690546006914
:103A7000C01A0FD19B001435143119442B4401E0B6
:103A80009D4207D253F8044D51F8042D9442F7D0CB
:103A900002D3012030BC70474FF0FF30FAE700BF7F
:103AA0002DE9F0410F690E4611697F1A002F9046EB
:103AB00017D1890006F1140502F1140E6B18714438
:103AC00001E09D425CD253F8042D51F8044DA2420E
:103AD000F7D05ED233462C464646754698460127B7
:103AE00005E058DB06F1140508F11404002771689D
:103AF000FFF7BCFDD8F810303669C76004EB830CC3
:103B0000A64605EB860700F1140400235EF8041BAB
:103B100055F8048B8AB213FA88F3090C9A1AC1EB90
:103B2000184303EB224392B242EA0342F44544F8BD
:103B3000042B4FEA2343E9D8AF4217D9A446AE4637
:103B40005EF8042B13FA82F3191401EB12419BB2B5
:103B500043EA014277454CF8042B4FEA2143EFD862
:103B6000ED432F4427F0030704373C44043C22B9BB
:103B700054F8043D013E002BFAD00661BDE8F08107
:103B80000021FFF773FD0122002302614361BDE8BC
:103B9000F0817446ABE7334606F1140402F11405D4
:103BA000164601279846A2E72DE9F04182B001218F
:103BB0001C46C3F30A571546089EFFF757FDC4F38A
:103BC000130480460FB144F4801401941DB302A87D
:103BD00040F8085DFFF7DAFD002834D19DE80C00BD
:103BE000C8F81420002B0CBF01210221C8F818309E
:103BF000C8F81010DFB908EB8103A0F23240306042
:103C00001869FFF7A3FD099BC0EB411018604046FF
:103C100002B0BDE8F08101A8FFF7B8FD019BC8F82C
:103C2000143001212030C8F81010002FE3D0099B78
:103C3000A7F233470744C0F13500376018604046AB
:103C400002B0BDE8F0819DE80A00C0F1200203FA4D
:103C500002F20A43C3400193C8F81420C2E700BF30
:103C600070B50D46084C114606461A4628460023F4
:103C70002360F2F769FC431C00D070BD2368002B61
:103C8000FBD0336070BD00BFBC3145202DE9F04F43
:103C9000936883B09046002B70D082460C4617681C
:103CA0008D68086842E0A38913F4906F2ED065698F
:103CB000216905EB4505A0EB010B05EBD5750BF173
:103CC00001006D103044A8422A4684BF05462A46AA
:103CD0005B0538D511465046FCF744FB00283CD024
:103CE0005A4621690190FAF7A7FBA289019B22F4A9
:103CF000906242F08002A281A5EB0B0203EB0B0065
:103D0000656123612060A2603546B3465A46494644
:103D1000FCF73EFED8F80830A2682068551B5844CE
:103D20009E1BA5602060C8F808603EB37E683B46D5
:103D30000837002EFAD0AE42D3F80090AB46B2D28C
:103D40003546B346E2E75046FCF792FE03460028AC
:103D5000D2D121695046FBF7EFFF0C23CAF800309F
:103D6000A389002243F040034FF0FF30A381C8F83D
:103D70000820C8F8042003B0BDE8F08F0020C8F880
:103D8000040003B0BDE8F08F10B502FB01F1FCF7B1
:103D9000E9FA0446D8B150F8042C22F00302043AA0
:103DA000242A18D8132A14D900231B2A036043603D
:103DB00016D9242A8360C36011BF00F11002036189
:103DC000436100F1180200231360536093602046A2
:103DD00010BD0246F7E70021FAF7C8FB204610BDE8
:103DE00000F10802EFE700BF81F0004102E000BFF0
:103DF00083F0004330B54FEA41044FEA430594EAAB
:103E0000050F08BF90EA020F1FBF54EA000C55EAE5
:103E1000020C7FEA645C7FEA655C00F0E2804FEAB6
:103E20005454D4EB5555B8BF6D420CDD2C4480EA98
:103E3000020281EA030382EA000083EA010180EAC8
:103E4000020281EA0303362D88BF30BD11F0004F16
:103E50004FEA01314FF4801C4CEA113102D040424C
:103E600061EB410113F0004F4FEA03334CEA133387
:103E700002D0524263EB430394EA050F00F0A7809F
:103E8000A4F10104D5F1200E0DDB02FA0EFC22FA9A
:103E900005F2801841F1000103FA0EF2801843FA8E
:103EA00005F359410EE0A5F120050EF1200E012A7F
:103EB00003FA0EFC28BF4CF0020C43FA05F3C018BD
:103EC00051EBE37101F0004507D54FF0000EDCF136
:103ED000000C7EEB00006EEB0101B1F5801F1BD3DF
:103EE000B1F5001F0CD349085FEA30004FEA3C0CE3
:103EF00004F101044FEA445212F5800F80F09A80D9
:103F0000BCF1004F08BF5FEA500C50F1000041EBDC
:103F1000045141EA050130BD5FEA4C0C404141EBE0
:103F2000010111F4801FA4F10104E9D191F0000F07
:103F300004BF01460020B1FA81F308BF2033A3F18A
:103F40000B03B3F120020CDA0C3208DD02F1140C81
:103F5000C2F10C0201FA0CF021FA02F10CE002F1BC
:103F60001402D8BFC2F1200C01FA02F120FA0CFCB5
:103F7000DCBF41EA0C019040E41AA2BF01EB0451FE
:103F8000294330BD6FEA04041F3C1CDA0C340EDCFC
:103F900004F11404C4F1200220FA04F001FA02F33F
:103FA00040EA030021FA04F345EA030130BDC4F1FD
:103FB0000C04C4F1200220FA02F001FA04F340EAF2
:103FC0000300294630BD21FA04F0294630BD94F0A3
:103FD000000F83F4801306BF81F480110134013D8A
:103FE0004EE77FEA645C18BF7FEA655C29D094EAFB
:103FF000050F08BF90EA020F05D054EA000C04BF79
:104000001946104630BD91EA030F1EBF0021002063
:1040100030BD5FEA545C05D14000494128BF41F002
:10402000004130BD14F580043CBF01F5801130BD66
:1040300001F0004545F0FE4141F470014FF00000F1
:1040400030BD7FEA645C1ABF194610467FEA655CA2
:104050001CBF0B46024650EA013406BF52EA033544
:1040600091EA030F41F4002130BD00BF90F0000F32
:1040700004BF0021704730B54FF4806404F132046E
:104080004FF000054FF0000150E700BF90F0000F27
:1040900004BF0021704730B54FF4806404F132044E
:1040A00010F0004548BF40424FF000013EE700BF1E
:1040B00042004FEAE2014FEA31014FEA02701FBFAE
:1040C00012F07F4393F07F4F81F06051704792F080
:1040D000000F14BF93F07F4F704730B54FF46074FA
:1040E00001F0004521F0004120E700BF50EA010245
:1040F00008BF704730B54FF000050AE050EA0102F2
:1041000008BF704730B511F0004502D5404261EB61
:1041100041014FF4806404F132045FEA915C3FF4A2
:10412000DCAE4FF003025FEADC0C18BF03325FEA3B
:10413000DC0C18BF033202EBDC02C2F1200300FAF0
:1041400003FC20FA02F001FA03FE40EA0E0021FA15
:1041500002F11444C1E600BF4FEA410C7FEA6C5CF7
:1041600002D150EA013C0AD14FEA430C7FEA6C5C71
:1041700002D152EA033C02D14FF0000070474FF0E9
:10418000010070474FEA410212F5001215D211D515
:104190006FF47873B3EB625212D94FEAC12343F044
:1041A000004343EA505311F0004F23FA02F018BFC6
:1041B000404270474FF00000704750EA013005D18F
:1041C00011F0004008BF6FF0004070474FF0000052
:1041D000704700BF1F800000008000200000070023
:1041E00000800024000000000080000400000000A7
:1041F0000080000400006001008000000000520008
:1042000000800010000002000080003004004944DB
:104210000E0000080D100000010000050000000560
:104220000101000A0000000A01010005010000056B
:104230000101000A0100000A01010005000000055B
:104240000100000A0000000A01000005000100054D
:104250000101000501000005010000050000000546
:10426000010000FF0000000500010005000001FF43
:10427000717370695F64697361626C65000000004E
:10428000717370695F7365745F696E73747275635F
:1042900074696F6E5F6672616D650000717370693D
:1042A000000000002E2E2F2E2E2F74617267657471
:1042B0005F706C6174666F726D2F636F6E7472697C
:1042C000622F4153462F73616D2F64726976657258
:1042D000732F717370692F717370692E68000000FD
:1042E0002E2E2F2E2E2F7461726765745F706C6195
:1042F00074666F726D2F636F6E747269622F4153B3
:10430000462F73616D2F647269766572732F7173B6
:1043100070692F717370692E630000000000000047
:104320000000000000AAAAAAAAAAAAAAAAEEEEEE73
:10433000EEEEEEEEEEFEFFFFFFFFFFFFFFFFFFFFE3
:10434000FF7FBFDFEFF7FBFDFC7EBFDFEFF7FBFD7D
:104350007E000000717370695F7365745F696E73CE
:104360007472756374696F6E5F636F6465000000DB
:104370002E2F2E2E2F2E2E2F7461726765745F7074
:104380006C6174666F726D2F636F6E747269622FE9
:104390004153462F73616D2F647269766572732F76
:1043A000717370692F2E2F717370692E6800000071
:1043B0002F6D6F646520686F737400006D6F6465A6
:1043C0002C686F73740D0A006572726F722C6D6FBA
:1043D00064652D686F73742D6661696C65640D0A80
:1043E000000000002F6D6F646520646562756700D2
:1043F0006D6F64652C64656275670D0A00000000CE
:104400006572726F722C756E6B6E6F776E2D636F47
:104410006D6D616E640D0A00626F6F742C626F6166
:1044200072643D526164617242617365626F617270
:10443000644D4355372C6D6F64653D6465627567E7
:104440000D0A00006572726F722C636F6D6D616E84
:10445000642D746F6F2D6C6F6E670D0A0000000085
:1044600064656275672D6163712C7265672D726575
:1044700061642C6661696C65642C693D256C752CE2
:10448000613D253032782C7265743D25640D0A003B
:1044900064656275672D6163712C7265672D766541
:1044A000726966792C6661696C65642C693D256C5E
:1044B000752C613D253032782C773D2530366C786F
:1044C0002C723D2530366C780D0A000064656275EB
:1044D000672D6163712C73746172742C6661696CF1
:1044E00065642C25640D0A0070821E0110020A0307
:1044F000FD67E909B405080BFF27100D000D010F3A
:10450000000000110000001300000015E00B001770
:10451000000000190000001B0000001D600B001FC0
:1045200051FC13211FF47F23E71C70259004002DFC
:104530008004003B80040049800400570EBE1159DE
:104540000A9C635B00F0075D1E7E785F62A8A26133
:10455000880C00637201006540000067000000697C
:104560000000006B0000006D10331E6F0001007F23
:104570000001008F0001009F000000AD000000B7A7
:104580000000000000000000020000004556414C01
:10459000205241444152204D43553720284D435528
:1045A00020422900330000000344010005440100BB
:1045B000074401006666742C6572726F723D696E05
:1045C00069740D0A0000000000001D007700100152
:1045D000EF011C039F048306D108940BD30E96129F
:1045E000DF16B01B0621DA26202DCB33C63AFA415E
:1045F0004E49A350DB57D55E70658C6B0A71CE7542
:10460000BE79C57CD47EDE7FDE7FD47EC57CBE795C
:10461000CE750A718C6B7065D55EDB57A3504E4921
:10462000FA41C63ACB33202DDA260621B01BDF161D
:104630009612D30E940BD10883069F041C03EF013E
:10464000100177001D0000006F6B00007761697436
:104650005F72616E676500006C6F775F766F74657F
:10466000000000006C6F775F6971000062696E5F27
:10467000726573657400000062696E5F686F6C64D8
:104680005F6C65676163790062696E5F7265616E18
:1046900063686F725F6B65657000000070686173BE
:1046A000655F6A756D70000070686173655F726543
:1046B0006C6F636B00000000666674006E6F6E6561
:1046C00000000000766974616C5F62726965662C37
:1046D000663D256C752C62696E3D25752C766F7470
:1046E000653D25752F25752C7374617475733D2593
:1046F000732C7372633D25732C736C6F773D256C3F
:10470000752C6F6B3D25752F25752C62723D2575B7
:104710002E25752C68723D25752E25752C627232FA
:1047200035363D25752E25752C68723235363D257A
:10473000752E25752C62725F62696E3D25752C6839
:10474000725F62696E3D25752C62725F62696E32BE
:1047500035363D25752C68725F62696E3235363D9F
:1047600025750D0A000000000000803F00000000D9
:10477000000080BF0000803FEEEEF7BF09A8703F49
:104780000000803F00000000000080BF0000803F6C
:104790007863D7BF98DE3E3F41B6EC3D41B6EC3D75
:1047A0000000803F0000803F00000000000080BF4C
:1047B0000000803F7AC49EBFBC3FD63E0000803FD1
:1047C00000000000000080BF0000803FB668D1BF3D
:1047D000D504493F0000803F00000000000080BF7A
:1047E0000000803F86766E3E9961C33D0000803FA9
:1047F00000000000000080BF0000803F64EA223F0C
:10480000ECA5113F8868103F8868103F8868103F0A
:104810008868103F0000803F706861736500000089
:10482000756E77726170000064657472656E640005
:10483000756E6B6E6F776E007068617365313238BC
:104840002C663D256C752C62696E3D25752C74793E
:1048500070653D25732C693D25752C256C642C25D0
:104860006C642C256C642C256C642C256C642C25C4
:104870006C642C256C642C256C640D0A000000000F
:10488000FF7F0000FF7F3200FF7F6400FF7F960004
:10489000FF7FC900FF7FFB00FE7F2D01FE7F5F01D0
:1048A000FD7F9201FC7FC401FC7FF601FB7F2802A3
:1048B000FA7F5B02F97F8D02F87FBF02F77FF1027A
:1048C000F67F2403F47F5603F37F8803F27FBA0355
:1048D000F07FED03EE7F1F04ED7F5104EB7F830437
:1048E000E97FB604E77FE804E57F1A05E37F4C051E
:1048F000E17F7F05DF7FB105DD7FE305DA7F150608
:10490000D87F4706D67F7A06D37FAC06D07FDE06F7
:10491000CE7F1007CB7F4207C87F7507C57FA707EB
:10492000C27FD907BF7F0B08BC7F3D08B87F6F08E7
:10493000B57FA208B17FD408AE7F0609AA7F3809E7
:10494000A77F6A09A37F9C099F7FCE099B7F000AEE
:10495000977F330A937F650A8F7F970A8B7FC90AF7
:10496000877FFB0A827F2D0B7E7F5F0B797F910B08
:10497000757FC30B707FF50B6B7F270C677F590C1E
:10498000627F8B0C5D7FBD0C587FEF0C537F210D38
:104990004D7F530D487F850D437FB70D3D7FE90D5A
:1049A000387F1B0E327F4D0E2D7F7F0E277FB10E7D
:1049B000217FE30E1B7F150F157F470F0F7F790FA8
:1049C000097FAB0F037FDD0FFD7E0E10F67E4010DA
:1049D000F07E7210E97EA410E37ED610DC7E081112
:1049E000D57E3911CF7E6B11C87E9D11C17ECF114E
:1049F000BA7E0112B37E3212AB7E6412A47E96128E
:104A00009D7EC812957EF9128E7E2B13867E5D13D5
:104A10007F7E8E13777EC0136F7EF213677E231422
:104A20005F7E5514577E87144F7EB814477EEA1474
:104A30003F7E1B15377E4D152E7E7F15267EB015C9
:104A40001D7EE215147E13160C7E4516037E761627
:104A5000FA7DA816F17DD916E87D0A17DF7D3C178F
:104A6000D67D6D17CD7D9F17C37DD017BA7D0218F7
:104A7000B07D3318A77D64189D7D9618947DC71866
:104A80008A7DF818807D2A19767D5B196C7D8C19DA
:104A9000627DBD19587DEF194E7D201A437D511A54
:104AA000397D821A2F7DB31A247DE41A197D161BD5
:104AB0000F7D471B047D781BF97CA91BEE7CDA1B5C
:104AC000E37C0B1CD87C3C1CCD7C6D1CC27C9E1CEA
:104AD000B77CCF1CAB7C001DA07C311D947C621D7B
:104AE000897C931D7D7CC41D717CF51D667C251E13
:104AF0005A7C561E4E7C871E427CB81E367CE91EB0
:104B0000297C191F1D7C4A1F117C7B1F057CAC1F53
:104B1000F87BDC1FEB7B0D20DF7B3E20D27B6E2001
:104B2000C57B9F20B97BD020AC7B00219F7B3121AE
:104B3000927B6121847B9221777BC2216A7BF32166
:104B40005D7B23224F7B5422427B8422347BB42220
:104B5000267BE522197B15230B7B4523FD7A7623E3
:104B6000EF7AA623E17AD623D37A0724C57A3724AD
:104B7000B67A6724A87A97249A7AC7248B7AF7247E
:104B80007D7A28256E7A58255F7A8825507AB8254F
:104B9000427AE825337A1826247A4826157A782628
:104BA000057AA826F679D826E7790727D87937270E
:104BB000C8796727B9799727A979C7279979F627F7
:104BC0008A7926287A7956286A7986285A79B528E2
:104BD0004A79E5283A7915292A79442919797429D5
:104BE0000979A329F978D329E878022AD878322AD2
:104BF000C778612AB678912AA678C02A9578EF2AD4
:104C000084781F2B73784E2B62787D2B5178AD2BD7
:104C10004078DC2B2E780B2C1D783A2C0C78692CE4
:104C2000FA77982CE977C82CD777F72CC577262DFB
:104C3000B477552DA277842D9077B32D7E77E22D12
:104C40006C77112E5A773F2E47776E2E35779D2E33
:104C50002377CC2E1077FB2EFE76292FEB76582F5C
:104C6000D976872FC676B52FB376E42FA07613308A
:104C70008E7641307B76703068769E305476CD30BB
:104C80004176FB302E762A311B76583107768631F5
:104C9000F475B531E075E331CC751132B975403238
:104CA000A5756E3291759C327D75CA326975F83280
:104CB00055752633417554332D7582331975B033CC
:104CC0000475DE33F0740C34DB743A34C774683422
:104CD000B27496349E74C4348974F23474741F357B
:104CE0005F744D354A747B353574A8352074D635DC
:104CF0000B740436F6733136E0735F36CB738C3643
:104D0000B573BA36A073E7368A73143775734237B2
:104D10005F736F3749739C373373CA371D73F73727
:104D200007732438F1725138DB727E38C572AB38A4
:104D3000AF72D83898720639827232396B725F3925
:104D400055728C393E72B9392772E6391172133AAD
:104D5000FA71403AE3716C3ACC71993AB571C63A3E
:104D60009E71F23A86711F3B6F714C3B5871783BD4
:104D70004171A53B2971D13B1271FD3BFA702A3C70
:104D8000E270563CCB70833CB370AF3C9B70DB3C15
:104D90008370073D6B70333D5370603D3B708C3DBD
:104DA0002370B83D0A70E43DF26F103EDA6F3C3E6E
:104DB000C16F683EA96F933E906FBF3E776FEB3E29
:104DC0005F6F173F466F433F2D6F6E3F146F9A3FE3
:104DD000FB6EC53FE26EF13FC96E1D40AF6E4840AD
:104DE000966E73407D6E9F40636ECA404A6EF64079
:104DF000306E2141176E4C41FD6D7741E36DA2414C
:104E0000CA6DCE41B06DF941966D24427C6D4F4222
:104E1000626D7A42486DA5422D6DD042136DFA4203
:104E2000F96C2543DE6C5043C46C7B43A96CA543ED
:104E30008F6CD043746CFB43596C25443F6C5044D9
:104E4000246C7A44096CA544EE6BCF44D36BFA44CE
:104E5000B86B24459C6B4E45816B7845666BA345CA
:104E60004A6BCD452F6BF745136B2146F86A4B46CD
:104E7000DC6A7546C16A9F46A56AC946896AF346D7
:104E80006D6A1C47516A4647356A7047196A9A47E6
:104E9000FD69C347E169ED47C4691648A869404800
:104EA0008C6969486F6993485369BC483669E6481C
:104EB00019690F49FD683849E0686149C3688A4942
:104EC000A668B4498968DD496C68064A4F682F4A6C
:104ED0003268584A1568814AF767A94ADA67D24AA0
:104EE000BD67FB4A9F67244B82674C4B6467754BD9
:104EF00046679E4B2967C64B0B67EF4BED66174C19
:104F0000CF663F4CB166684C9366904C7566B84C62
:104F10005766E14C3966094D1A66314DFC65594DAD
:104F2000DD65814DBF65A94DA065D14D8265F94D07
:104F30006365214E4565484E2665704E0765984E5F
:104F4000E864BF4EC964E74EAA640F4F8B64364FC6
:104F50006C645E4F4D64854F2D64AC4F0E64D44F2E
:104F6000EF63FB4FCF632250B063495090637050A2
:104F7000716397505163BF503163E55011630C5119
:104F8000F2623351D2625A51B26281519262A85197
:104F90007162CE515162F55131621C52116242521E
:104FA000F1616952D0618F52B061B5528F61DC52AC
:104FB0006F6102534E6128532D614E530D6175533D
:104FC000EC609B53CB60C153AA60E75389600D54DA
:104FD000686033544760585426607E540460A4547B
:104FE000E35FCA54C25FEF54A05F15557F5F3A5527
:104FF0005E5F60553C5F85551A5FAB55F95ED055D5
:10500000D75EF555B55E1A56935E4056715E65568D
:10501000505E8A562D5EAF560B5ED456E95DF9564A
:10502000C75D1D57A55D4257835D6757605D8C570F
:105030003E5DB0571B5DD557F95CF957D65C1E58DD
:10504000B45C4258915C67586E5C8B584B5CAF58AF
:10505000295CD458065CF858E35B1C59C05B405986
:105060009D5B6459795B8859565BAC59335BD05969
:10507000105BF359EC5A175AC95A3B5AA55A5E5A53
:10508000825A825A5E5AA55A3B5AC95A175AEC5A42
:10509000F359105BD059335BAC59565B8859795B37
:1050A00064599D5B4059C05B1C59E35BF858065C32
:1050B000D458295CAF584B5C8B586E5C6758915C38
:1050C0004258B45C1E58D65CF957F95CD5571B5D45
:1050D000B0573E5D8C57605D6757835D4257A55D55
:1050E0001D57C75DF956E95DD4560B5EAF562D5E70
:1050F0008A56505E6556715E4056935E1A56B55E8E
:10510000F555D75ED055F95EAB551A5F85553C5FB6
:1051100060555E5F3A557F5F1555A05FEF54C25FE3
:10512000CA54E35FA45404607E5426605854476018
:10513000335468600D548960E753AA60C153CB6053
:105140009B53EC6075530D614E532D6128534E6196
:1051500002536F61DC528F61B552B0618F52D061E2
:105160006952F161425211621C523162F551516231
:10517000CE517162A85192628151B2625A51D2628B
:105180003351F2620C511163E5503163BF505163EA
:1051900097507163705090634950B0632250CF6351
:1051A000FB4FEF63D44F0E64AC4F2D64854F4D64BD
:1051B0005E4F6C64364F8B640F4FAA64E74EC96430
:1051C000BF4EE864984E0765704E2665484E4565AB
:1051D000214E6365F94D8265D14DA065A94DBF652E
:1051E000814DDD65594DFC65314D1A66094D3966B5
:1051F000E14C5766B84C7566904C9366684CB16646
:105200003F4CCF66174CED66EF4B0B67C64B2967DB
:105210009E4B4667754B64674C4B8267244B9F6778
:10522000FB4ABD67D24ADA67A94AF767814A15681F
:10523000584A32682F4A4F68064A6C68DD498968C7
:10524000B449A6688A49C3686149E0683849FD687D
:105250000F491969E6483669BC48536993486F6934
:1052600069488C694048A8691648C469ED47E169F6
:10527000C347FD699A47196A7047356A4647516ABC
:105280001C476D6AF346896AC946A56A9F46C16A8A
:105290007546DC6A4B46F86A2146136BF7452F6B5F
:1052A000CD454A6BA345666B7845816B4E459C6B3B
:1052B0002445B86BFA44D36BCF44EE6BA544096C1C
:1052C0007A44246C50443F6C2544596CFB43746C05
:1052D000D0438F6CA543A96C7B43C46C5043DE6CF8
:1052E0002543F96CFA42136DD0422D6DA542486DED
:1052F0007A42626D4F427C6D2442966DF941B06DE9
:10530000CE41CA6DA241E36D7741FD6D4C41176EF0
:105310002141306EF6404A6ECA40636E9F407D6EFA
:105320007340966E4840AF6E1D40C96EF13FE26E0D
:10533000C53FFB6E9A3F146F6E3F2D6F433F466F24
:10534000173F5F6FEB3E776FBF3E906F933EA96F45
:10535000683EC16F3C3EDA6F103EF26FE43D0A706A
:10536000B83D23708C3D3B70603D5370333D6B7096
:10537000073D8370DB3C9B70AF3CB370833CCB70CC
:10538000563CE2702A3CFA70FD3B1271D13B297108
:10539000A53B4171783B58714C3B6F711F3B867147
:1053A000F23A9E71C63AB571993ACC716C3AE37192
:1053B000403AFA71133A1172E6392772B9393E72DE
:1053C0008C3955725F396B72323982720639987234
:1053D000D838AF72AB38C5727E38DB725138F17293
:1053E00024380773F7371D73CA3733739C374973F3
:1053F0006F375F734237757314378A73E736A0735C
:10540000BA36B5738C36CB735F36E0733136F673CC
:1054100004360B74D6352074A83535747B354A7440
:105420004D355F741F357474F2348974C4349E74BE
:105430009634B2746834C7743A34DB740C34F07444
:10544000DE330475B033197582332D7554334175CD
:1054500026335575F8326975CA327D759C3291755F
:105460006E32A5754032B9751132CC75E331E075F5
:10547000B531F4758631077658311B762A312E7690
:10548000FB304176CD3054769E30687670307B7636
:1054900041308E761330A076E42FB376B52FC676E2
:1054A000872FD976582FEB76292FFE76FB2E107793
:1054B000CC2E23779D2E35776E2E47773F2E5A7749
:1054C000112E6C77E22D7E77B32D9077842DA27705
:1054D000552DB477262DC577F72CD777C82CE977CB
:1054E000982CFA77692C0C783A2C1D780B2C2E7896
:1054F000DC2B4078AD2B51787D2B62784E2B737866
:105500001F2B8478EF2A9578C02AA678912AB6783E
:10551000612AC778322AD878022AE878D329F9781C
:10552000A32909797429197944292A7915293A79FD
:10553000E5284A79B5285A7986286A7956287A79E9
:1055400026288A79F6279979C727A9799727B979DB
:105550006727C8793727D8790727E779D826F679D2
:10556000A826057A7826157A4826247A1826337ACA
:10557000E825427AB825507A88255F7A58256E7AD0
:1055800028257D7AF7248B7AC7249A7A9724A87ADB
:105590006724B67A3724C57A0724D37AD623E17AEA
:1055A000A623EF7A7623FD7A45230B7B1523197BFF
:1055B000E522267BB422347B8422427B54224F7B1B
:1055C00023225D7BF3216A7BC221777B9221847B3E
:1055D0006121927B31219F7B0021AC7BD020B97B64
:1055E0009F20C57B6E20D27B3E20DF7B0D20EB7B96
:1055F000DC1FF87BAC1F057C7B1F117C4A1F1D7CC8
:10560000191F297CE91E367CB81E427C871E4E7C01
:10561000561E5A7C251E667CF51D717CC41D7D7C42
:10562000931D897C621D947C311DA07C001DAB7C88
:10563000CF1CB77C9E1CC27C6D1CCD7C3C1CD87CD6
:105640000B1CE37CDA1BEE7CA91BF97C781B047D28
:10565000471B0F7D161B197DE41A247DB31A2F7D7D
:10566000821A397D511A437D201A4E7DEF19587DDB
:10567000BD19627D8C196C7D5B19767D2A19807D40
:10568000F8188A7DC718947D96189D7D6418A77DAB
:105690003318B07D0218BA7DD017C37D9F17CD7D1A
:1056A0006D17D67D3C17DF7D0A17E87DD916F17D91
:1056B000A816FA7D7616037E45160C7E1316147E08
:1056C000E2151D7EB015267E7F152E7E4D15377E88
:1056D0001B153F7EEA14477EB8144F7E8714577E11
:1056E00055145F7E2314677EF2136F7EC013777E9E
:1056F0008E137F7E5D13867E2B138E7EF912957E30
:10570000C8129D7E9612A47E6412AB7E3212B37EC6
:105710000112BA7ECF11C17E9D11C87E6B11CF7E62
:105720003911D57E0811DC7ED610E37EA410E97E07
:105730007210F07E4010F67E0E10FD7EDD0F037FAE
:10574000AB0F097F790F0F7F470F157F150F1B7F59
:10575000E30E217FB10E277F7F0E2D7F4D0E327F0E
:105760001B0E387FE90D3D7FB70D437F850D487FC8
:10577000530D4D7F210D537FEF0C587FBD0C5D7F86
:105780008B0C627F590C677F270C6B7FF50B707F4A
:10579000C30B757F910B797F5F0B7E7F2D0B827F13
:1057A000FB0A877FC90A8B7F970A8F7F650A937FE1
:1057B000330A977F000A9B7FCE099F7F9C09A37FB6
:1057C0006A09A77F3809AA7F0609AE7FD408B17F8E
:1057D000A208B57F6F08B87F3D08BC7F0B08BF7F6C
:1057E000D907C27FA707C57F7507C87F4207CB7F50
:1057F0001007CE7FDE06D07FAC06D37F7A06D67F39
:105800004706D87F1506DA7FE305DD7FB105DF7F28
:105810007F05E17F4C05E37F1A05E57FE804E77F1C
:10582000B604E97F8304EB7F5104ED7F1F04EE7F14
:10583000ED03F07FBA03F27F8803F37F5603F47F12
:105840002403F67FF102F77FBF02F87F8D02F97F14
:105850005B02FA7F2802FB7FF601FC7FC401FC7F1C
:105860009201FD7F5F01FE7F2D01FE7FFB00FF7F28
:10587000C900FF7F9600FF7F6400FF7F3200FF7F3B
:105880000000FF7FCDFFFF7F9BFFFF7F69FFFF7F52
:1058900036FFFF7F04FFFF7FD2FEFE7FA0FEFE7F6C
:1058A0006DFEFD7F3BFEFC7F09FEFC7FD7FDFB7F8D
:1058B000A4FDFA7F72FDF97F40FDF87F0EFDF77FB2
:1058C000DBFCF67FA9FCF47F77FCF37F45FCF27FDD
:1058D00012FCF07FE0FBEE7FAEFBED7F7CFBEB7F0D
:1058E00049FBE97F17FBE77FE5FAE57FB3FAE37F42
:1058F00080FAE17F4EFADF7F1CFADD7FEAF9DA7F7A
:10590000B8F9D87F85F9D67F53F9D37F21F9D07FB5
:10591000EFF8CE7FBDF8CB7F8AF8C87F58F8C57FF7
:1059200026F8C27FF4F7BF7FC2F7BC7F90F7B87F3D
:105930005DF7B57F2BF7B17FF9F6AE7FC7F6AA7F8B
:1059400095F6A77F63F6A37F31F69F7FFFF59B7FD8
:10595000CCF5977F9AF5937F68F58F7F36F58B7F2F
:1059600004F5877FD2F4827FA0F47E7F6EF4797F86
:105970003CF4757F0AF4707FD8F36B7FA6F3677FE2
:1059800074F3627F42F35D7F10F3587FDEF2537F42
:10599000ACF24D7F7AF2487F48F2437F16F23D7FAA
:1059A000E4F1387FB2F1327F80F12D7F4EF1277F15
:1059B0001CF1217FEAF01B7FB8F0157F86F00F7F86
:1059C00054F0097F22F0037FF1EFFD7EBFEFF67EFA
:1059D0008DEFF07E5BEFE97E29EFE37EF7EEDC7E74
:1059E000C6EED57E94EECF7E62EEC87E30EEC17EEE
:1059F000FEEDBA7ECDEDB37E9BEDAB7E69EDA47E70
:105A000037ED9D7E06ED957ED4EC8E7EA2EC867EF3
:105A100071EC7F7E3FEC777E0DEC6F7EDCEB677E7A
:105A2000AAEB5F7E78EB577E47EB4F7E15EB477E08
:105A3000E4EA3F7EB2EA377E80EA2E7E4FEA267E97
:105A40001DEA1D7EECE9147EBAE90C7E89E9037E2D
:105A500057E9FA7D26E9F17DF5E8E87DC3E8DF7DC9
:105A600092E8D67D60E8CD7D2FE8C37DFDE7BA7D65
:105A7000CCE7B07D9BE7A77D69E79D7D38E7947D06
:105A800007E78A7DD5E6807DA4E6767D73E66C7DAA
:105A900042E6627D10E6587DDFE54E7DAEE5437D52
:105AA0007DE5397D4CE52F7D1BE5247DE9E4197DFD
:105AB000B8E40F7D87E4047D56E4F97C25E4EE7CB0
:105AC000F4E3E37CC3E3D87C92E3CD7C61E3C27C66
:105AD00030E3B77CFFE2AB7CCEE2A07C9DE2947C1D
:105AE0006CE2897C3BE27D7C0AE2717CDAE1667CD7
:105AF000A9E15A7C78E14E7C47E1427C16E1367C94
:105B0000E6E0297CB5E01D7C84E0117C53E0057C57
:105B100023E0F87BF2DFEB7BC1DFDF7B91DFD27B21
:105B200060DFC57B2FDFB97BFFDEAC7BCEDE9F7BEA
:105B30009EDE927B6DDE847B3DDE777B0CDE6A7BB6
:105B4000DCDD5D7BABDD4F7B7BDD427B4BDD347B86
:105B50001ADD267BEADC197BBADC0B7B89DCFD7A5B
:105B600059DCEF7A29DCE17AF8DBD37AC8DBC57A35
:105B700098DBB67A68DBA87A38DB9A7A08DB8B7A0E
:105B8000D7DA7D7AA7DA6E7A77DA5F7A47DA507AEF
:105B900017DA427AE7D9337AB7D9247A87D9157ACE
:105BA00057D9057A27D9F679F8D8E779C8D8D879B6
:105BB00098D8C87968D8B97938D8A97909D899799D
:105BC000D9D78A79A9D77A7979D76A794AD75A7988
:105BD0001AD74A79EAD63A79BBD62A798BD6197977
:105BE0005CD609792CD6F978FDD5E878CDD5D8786A
:105BF0009ED5C7786ED5B6783FD5A67810D595785E
:105C0000E0D48478B1D4737882D4627852D4517855
:105C100023D44078F4D32E78C5D31D7896D30C784E
:105C200067D3FA7737D3E97708D3D777D9D2C5774F
:105C3000AAD2B4777BD2A2774CD290771DD27E774E
:105C4000EED16C77C0D15A7791D1477762D1357751
:105C500033D1237704D11077D6D0FE76A7D0EB7658
:105C600078D0D9764AD0C6761BD0B376ECCFA07662
:105C7000BECF8E768FCF7B7661CF687632CF54766B
:105C800004CF4176D5CE2E76A7CE1B7679CE077679
:105C90004ACEF4751CCEE075EECDCC75BFCDB9758E
:105CA00091CDA57563CD917535CD7D7507CD6975A0
:105CB000D9CC5575ABCC41757DCC2D754FCC1975B4
:105CC00021CC0475F3CBF074C5CBDB7497CBC774D0
:105CD00069CBB2743BCB9E740DCB8974E0CA7474EB
:105CE000B2CA5F7484CA4A7457CA357429CA207408
:105CF000FBC90B74CEC9F673A0C9E07373C9CB732B
:105D000045C9B57318C9A073EBC88A73BDC875734C
:105D100090C85F7363C8497335C8337308C81D736F
:105D2000DBC70773AEC7F17281C7DB7254C7C57298
:105D300027C7AF72F9C69872CDC68272A0C66B72C1
:105D400073C6557246C63E7219C62772ECC51172EB
:105D5000BFC5FA7193C5E37166C5CC7139C5B5711C
:105D60000DC59E71E0C48671B3C46F7187C458714C
:105D70005AC441712EC4297102C41271D5C3FA707C
:105D8000A9C3E2707CC3CB7050C3B37024C39B70B3
:105D9000F8C28370CCC26B709FC2537073C23B70E9
:105DA00047C223701BC20A70EFC1F26FC3C1DA6F22
:105DB00097C1C16F6CC1A96F40C1906F14C1776F5B
:105DC000E8C05F6FBCC0466F91C02D6F65C0146F97
:105DD0003AC0FB6E0EC0E26EE2BFC96EB7BFAF6ED7
:105DE0008CBF966E60BF7D6E35BF636E09BF4A6E15
:105DF000DEBE306EB3BE176E88BEFD6D5DBEE36D58
:105E000031BECA6D06BEB06DDBBD966DB0BD7C6D9A
:105E100085BD626D5ABD486D2FBD2D6D05BD136DDD
:105E2000DABCF96CAFBCDE6C84BCC46C5ABCA96C27
:105E30002FBC8F6C04BC746CDABB596CAFBB3F6C6D
:105E400085BB246C5ABB096C30BBEE6B05BBD36BB6
:105E5000DBBAB86BB1BA9C6B87BA816B5CBA666B04
:105E600032BA4A6B08BA2F6BDEB9136BB4B9F86A51
:105E70008AB9DC6A60B9C16A36B9A56A0CB9896A9F
:105E8000E3B86D6AB9B8516A8FB8356A65B8196AEE
:105E90003CB8FD6912B8E169E9B7C469BFB7A86940
:105EA00096B78C696CB76F6943B7536919B7366990
:105EB000F0B61969C7B6FD689EB6E06875B6C368E6
:105EC0004BB6A66822B68968F9B56C68D0B54F683C
:105ED000A7B532687EB5156856B5F7672DB5DA6790
:105EE00004B5BD67DBB49F67B3B482678AB46467E7
:105EF00061B4466739B4296710B40B67E8B3ED663F
:105F0000C0B3CF6697B3B1666FB3936647B3756698
:105F10001EB35766F6B23966CEB21A66A6B2FC65F3
:105F20007EB2DD6556B2BF652EB2A06506B282654F
:105F3000DEB16365B7B145658FB1266567B10765A9
:105F400040B1E86418B1C964F0B0AA64C9B08B6408
:105F5000A1B06C647AB04D6453B02D642BB00E6464
:105F600004B0EF63DDAFCF63B6AFB0638FAF9063C4
:105F700068AF716340AF51631AAF3163F3AE116321
:105F8000CCAEF262A5AED2627EAEB26257AE926283
:105F900031AE71620AAE5162E3AD3162BDAD1162E4
:105FA00096ADF16170ADD0614AADB06123AD8F6146
:105FB000FDAC6F61D7AC4E61B1AC2D618AAC0D61A7
:105FC00064ACEC603EACCB6018ACAA60F2AB89600C
:105FD000CCAB6860A7AB476081AB26605BAB04606D
:105FE00035ABE35F10ABC25FEAAAA05FC5AA7F5FD3
:105FF0009FAA5E5F7AAA3C5F54AA1A5F2FAAF95E35
:106000000AAAD75EE5A9B55EBFA9935E9AA9715E9B
:1060100075A9505E50A92D5E2BA90B5E06A9E95DFE
:10602000E2A8C75DBDA8A55D98A8835D73A8605D63
:106030004FA83E5D2AA81B5D06A8F95CE1A7D65CC7
:10604000BDA7B45C98A7915C74A76E5C50A74B5C2D
:106050002BA7295C07A7065CE3A6E35BBFA6C05B92
:106060009BA69D5B77A6795B53A6565B2FA6335BF9
:106070000CA6105BE8A5EC5AC4A5C95AA1A5A55A5F
:106080007DA5825A5AA55E5A36A53B5A13A5175AC2
:10609000EFA4F359CCA4D059A9A4AC5986A488592B
:1060A00062A464593FA440591CA41C59F9A3F85890
:1060B000D6A3D458B4A3AF5891A38B586EA36758F6
:1060C0004BA3425829A31E5806A3F957E4A2D5575B
:1060D000C1A2B0579FA28C577CA267575AA24257C1
:1060E00038A21D5716A2F956F4A1D456D2A1AF5624
:1060F000AFA18A568EA165566CA140564AA11A5688
:1061000028A1F55506A1D055E5A0AB55C3A08555EE
:10611000A1A0605580A03A555FA015553DA0EF5451
:106120001CA0CA54FB9FA454D99F7E54B89F5854B6
:10613000979F3354769F0D54559FE753349FC15317
:10614000139F9B53F29E7553D29E4E53B19E28537C
:10615000909E0253709EDC524F9EB5522F9E8F52DE
:106160000E9E6952EE9D4252CE9D1C52AE9DF5513F
:106170008E9DCE516D9DA8514D9D81512D9D5A51A1
:106180000D9D3351EE9C0C51CE9CE550AE9CBF5002
:106190008E9C97506F9C70504F9C4950309C225061
:1061A000109CFB4FF19BD44FD29BAC4FB29B854FC1
:1061B000939B5E4F749B364F559B0F4F369BE74E1C
:1061C000179BBF4EF89A984ED99A704EBA9A484E7D
:1061D0009C9A214E7D9AF94D5F9AD14D409AA94DD6
:1061E000229A814D039A594DE599314DC699094D31
:1061F000A899E14C8A99B84C6C99904C4E99684C8E
:1062000030993F4C1299174CF498EF4BD698C64BE7
:10621000B9989E4B9B98754B7D984C4B6098244B3E
:106220004298FB4A2598D24A0898A94AEA97814A97
:10623000CD97584AB0972F4A9397064A7697DD49EB
:106240005997B4493C978A491F9761490297384941
:10625000E6960F49C996E648AC96BC489096934896
:1062600073966948579640483B9616481E96ED47E8
:106270000296C347E6959A47CA957047AE9546473A
:1062800092951C477695F3465A95C9463E959F468A
:106290002395754607954B46EC942146D094F745D7
:1062A000B594CD459994A3457E94784563944E4525
:1062B000479424452C94FA441194CF44F693A54472
:1062C000DB937A44C0935044A69325448B93FB43BD
:1062D0007093D0435693A5433B937B432193504304
:1062E00006932543EC92FA42D292D042B792A5424D
:1062F0009D927A4283924F42699224424F92F94191
:106300003592CE411C92A24102927741E8914C41D4
:10631000CF912141B591F6409C91CA4082919F4016
:10632000699173405091484036911D401D91F13F55
:106330000491C53FEB909A3FD2906E3FB990433F96
:10634000A090173F8890EB3E6F90BF3E5690933ED3
:106350003E90683E25903C3E0D90103EF58FE43D0A
:10636000DC8FB83DC48F8C3DAC8F603D948F333D46
:106370007C8F073D648FDB3C4C8FAF3C348F833C7C
:106380001D8F563C058F2A3CED8EFD3BD68ED13BB2
:10639000BE8EA53BA78E783B908E4C3B798E1F3BE3
:1063A000618EF23A4A8EC63A338E993A1C8E6C3A16
:1063B000058E403AEE8D133AD88DE639C18DB93944
:1063C000AA8D8C39948D5F397D8D3239678D063970
:1063D000508DD8383A8DAB38248D7E380E8D51389B
:1063E000F88C2438E28CF737CC8CCA37B68C9C37C3
:1063F000A08C6F378A8C4237758C14375F8CE736E8
:106400004A8CBA36348C8C361F8C5F36098C313608
:10641000F48B0436DF8BD635CA8BA835B58B7B352C
:10642000A08B4D358B8B1F35768BF234618BC4344A
:106430004D8B9634388B6834248B3A340F8B0C3464
:10644000FB8ADE33E68AB033D28A8233BE8A543383
:10645000AA8A2633968AF832828ACA326E8A9C3297
:106460005A8A6E32468A4032338A11321F8AE331A9
:106470000B8AB531F8898631E4895831D1892A31BE
:10648000BE89FB30AB89CD3097899E3084897030CE
:10649000718941305F8913304C89E42F3989B52FD8
:1064A0002689872F1489582F0189292FEF88FB2EE1
:1064B000DC88CC2ECA889D2EB8886E2EA5883F2EEB
:1064C0009388112E8188E22D6F88B32D5D88842DED
:1064D0004B88552D3A88262D2888F72C1688C82CED
:1064E0000588982CF387692CE2873A2CD1870B2CEE
:1064F000BF87DC2BAE87AD2B9D877D2B8C874E2BEA
:106500007B871F2B6A87EF2A5987C02A4987912AE0
:106510003887612A2787322A1787022A0687D329D4
:10652000F686A329E6867429D5864429C5861529C9
:10653000B586E528A586B5289586862885865628B9
:10654000758626286686F6275686C72746869727A5
:106550003786672727863727188607270986D8268C
:10656000FA85A826EA857826DB854826CC85182674
:10657000BD85E825AF85B825A08588259185582556
:10658000828528257485F7246585C7245785972437
:10659000498567243A8537242C8507241E85D62310
:1065A0001085A62302857623F4844523E6841523EB
:1065B000D984E522CB84B422BD848422B0845422C1
:1065C000A28423229584F3218884C2217B84922192
:1065D0006D84612160843121538400214684D02060
:1065E0003A849F202D846E2020843E2014840D2028
:1065F0000784DC1FFA83AC1FEE837B1FE2834A1FF4
:10660000D683191FC983E91EBD83B81EB183871EB7
:10661000A583561E9983251E8E83F51D8283C41D76
:106620007683931D6B83621D5F83311D5483001D30
:106630004883CF1C3D839E1C32836D1C27833C1CEA
:106640001C830B1C1183DA1B0683A91BFB82781B9E
:10665000F082471BE682161BDB82E41AD082B31A53
:10666000C682821ABC82511AB182201AA782EF19FF
:106670009D82BD1993828C1989825B197F822A19A8
:106680007582F8186B82C71862829618588264184F
:106690004F823318458202183C82D01732829F17EE
:1066A00029826D1720823C1717820A170E82D9168D
:1066B0000582A816FC817616F3814516EB81131628
:1066C000E281E215D981B015D1817F15C8814D15C0
:1066D000C0811B15B881EA14B081B814A881871451
:1066E000A0815514988123149081F2138881C013DE
:1066F00080818E1379815D1371812B136A81F91268
:106700006281C8125B819612548164124C813212EC
:10671000458101123E81CF1137819D1130816B116E
:106720002A813911238108111C81D6101681A410E9
:106730000F8172100981401002810E10FC80DD0F64
:10674000F680AB0FF080790FEA80470FE480150FD9
:10675000DE80E30ED880B10ED2807F0ECD804D0E4C
:10676000C7801B0EC280E90DBC80B70DB780850DB8
:10677000B280530DAC80210DA780EF0CA280BD0C20
:106780009D808B0C9880590C9480270C8F80F50B82
:106790008A80C30B8680910B81805F0B7D802D0BDF
:1067A0007880FB0A7480C90A7080970A6C80650A39
:1067B0006880330A6480000A6080CE095C809C098E
:1067C00058806A0955803809518006094E80D408DE
:1067D0004A80A20847806F0843803D0840800B082C
:1067E0003D80D9073A80A707378075073480420774
:1067F000318010072F80DE062C80AC0629807A06B7
:1068000027804706258015062280E3052080B105F4
:106810001E807F051C804C051A801A051880E8042C
:106820001680B604148083041280510411801F0462
:106830000F80ED030D80BA030C8088030B80560394
:10684000098024030880F1020780BF0206808D02C0
:1068500005805B02048028020380F6010380C401E6
:106860000280920101805F0101802D010080FB0008
:106870000080C90000809600008064000080320023
:10688000008000000080CDFF00809BFF008069FF3A
:10689000008036FF008004FF0180D2FE0180A0FE50
:1068A00002806DFE03803BFE038009FE0480D7FD5D
:1068B0000580A4FD068072FD078040FD08800EFD66
:1068C0000980DBFC0B80A9FC0C8077FC0D8045FC6B
:1068D0000F8012FC1180E0FB1280AEFB14807CFB69
:1068E000168049FB188017FB1A80E5FA1C80B3FA62
:1068F0001E8080FA20804EFA22801CFA2580EAF958
:106900002780B8F9298085F92C8053F92F8021F947
:106910003180EFF83480BDF837808AF83A8058F833
:106920003D8026F84080F4F74380C2F7478090F717
:106930004A805DF74E802BF75180F9F65580C7F6F7
:10694000588095F65C8063F6608031F66480FFF5D0
:106950006880CCF56C809AF5708068F5748036F5A7
:10696000788004F57D80D2F48180A0F486806EF476
:106970008A803CF48F800AF49480D8F39880A6F340
:106980009D8074F3A28042F3A78010F3AC80DEF206
:10699000B280ACF2B7807AF2BC8048F2C28016F2C4
:1069A000C780E4F1CD80B2F1D28080F1D8804EF181
:1069B000DE801CF1E480EAF0EA80B8F0F08086F036
:1069C000F68054F0FC8022F00281F1EF0981BFEFE4
:1069D0000F818DEF16815BEF1C8129EF2381F7EE8C
:1069E0002A81C6EE308194EE378162EE3E8130EE30
:1069F0004581FEED4C81CDED54819BED5B8169EDD0
:106A0000628137ED6A8106ED7181D4EC7981A2EC67
:106A1000808171EC88813FEC90810DEC9881DCEBFA
:106A2000A081AAEBA88178EBB08147EBB88115EB88
:106A3000C081E4EAC881B2EAD18180EAD9814FEA13
:106A4000E2811DEAEB81ECE9F381BAE9FC8189E995
:106A5000058257E90E8226E91782F5E82082C3E80D
:106A6000298292E8328260E83C822FE84582FDE785
:106A70004F82CCE758829BE7628269E76B8238E7F6
:106A8000758207E77F82D5E68982A4E6938273E662
:106A90009D8242E6A78210E6B182DFE5BC82AEE5C8
:106AA000C6827DE5D0824CE5DB821BE5E682E9E427
:106AB000F082B8E4FB8287E4068356E4118325E480
:106AC0001C83F4E32783C3E3328392E33D8361E3D2
:106AD000488330E35483FFE25F83CEE26B839DE221
:106AE00076836CE282833BE28E830AE29983DAE169
:106AF000A583A9E1B18378E1BD8347E1C98316E1AC
:106B0000D683E6E0E283B5E0EE8384E0FA8353E0E7
:106B1000078423E01484F2DF2084C1DF2D8491DF19
:106B20003A8460DF46842FDF5384FFDE6084CEDE4C
:106B30006D849EDE7B846DDE88843DDE95840CDE74
:106B4000A284DCDDB084ABDDBD847BDDCB844BDD9A
:106B5000D9841ADDE684EADCF484BADC028589DCB7
:106B6000108559DC1E8529DC2C85F8DB3A85C8DBCD
:106B7000498598DB578568DB658538DB748508DBDC
:106B80008285D7DA9185A7DAA08577DAAF8547DAEB
:106B9000BD8517DACC85E7D9DB85B7D9EA8587D9F2
:106BA000FA8557D9098627D91886F8D82786C8D8EC
:106BB000378698D8468668D8568638D8668609D8E3
:106BC0007586D9D78586A9D7958679D7A5864AD7D8
:106BD000B5861AD7C586EAD6D586BBD6E6868BD6C5
:106BE000F6865CD606872CD61787FDD52787CDD5A8
:106BF00038879ED549876ED559873FD56A8710D586
:106C00007B87E0D48C87B1D49D8782D4AE8752D461
:106C1000BF8723D4D187F4D3E287C5D3F38796D334
:106C2000058867D3168837D3288808D33A88D9D2FD
:106C30004B88AAD25D887BD26F884CD281881DD2C6
:106C40009388EED1A588C0D1B88891D1CA8862D185
:106C5000DC8833D1EF8804D10189D6D01489A7D03C
:106C6000268978D039894AD04C891BD05F89ECCFEE
:106C70007189BECF84898FCF978961CFAB8932CF9D
:106C8000BE8904CFD189D5CEE489A7CEF88979CE43
:106C90000B8A4ACE1F8A1CCE338AEECD468ABFCDE0
:106CA0005A8A91CD6E8A63CD828A35CD968A07CD78
:106CB000AA8AD9CCBE8AABCCD28A7DCCE68A4FCC0C
:106CC000FB8A21CC0F8BF3CB248BC5CB388B97CB96
:106CD0004D8B69CB618B3BCB768B0DCB8B8BE0CA1D
:106CE000A08BB2CAB58B84CACA8B57CADF8B29CA9C
:106CF000F48BFBC9098CCEC91F8CA0C9348C73C915
:106D00004A8C45C95F8C18C9758CEBC88A8CBDC884
:106D1000A08C90C8B68C63C8CC8C35C8E28C08C8EF
:106D2000F88CDBC70E8DAEC7248D81C73A8D54C752
:106D3000508D27C7678DF9C67D8DCDC6948DA0C6B1
:106D4000AA8D73C6C18D46C6D88D19C6EE8DECC509
:106D5000058EBFC51C8E93C5338E66C54A8E39C558
:106D6000618E0DC5798EE0C4908EB3C4A78E87C4A2
:106D7000BE8E5AC4D68E2EC4ED8E02C4058FD5C3E6
:106D80001D8FA9C3348F7CC34C8F50C3648F24C321
:106D90007C8FF8C2948FCCC2AC8F9FC2C48F73C259
:106DA000DC8F47C2F58F1BC20D90EFC12590C3C188
:106DB0003E9097C156906CC16F9040C1889014C1AD
:106DC000A090E8C0B990BCC0D29091C0EB9065C0D3
:106DD00004913AC01D910EC03691E2BF5091B7BFE9
:106DE00069918CBF829160BF9C9135BFB59109BFFD
:106DF000CF91DEBEE891B3BE029288BE1C925DBE0A
:106E0000359231BE4F9206BE6992DBBD8392B0BD12
:106E10009D9285BDB7925ABDD2922FBDEC9205BD11
:106E20000693DABC2193AFBC3B9384BC56935ABC07
:106E300070932FBC8B9304BCA693DABBC093AFBBFB
:106E4000DB9385BBF6935ABB119430BB2C9405BBE6
:106E50004794DBBA6394B1BA7E9487BA99945CBACA
:106E6000B59432BAD09408BAEC94DEB90795B4B9A7
:106E700023958AB93E9560B95A9536B976950CB97D
:106E80009295E3B8AE95B9B8CA958FB8E69565B84E
:106E900002963CB81E9612B83B96E9B75796BFB714
:106EA000739696B790966CB7AC9643B7C99619B7D8
:106EB000E696F0B60297C7B61F979EB63C9775B692
:106EC00059974BB6769722B69397F9B5B097D0B548
:106ED000CD97A7B5EA977EB5089856B525982DB5F4
:106EE000429804B56098DBB47D98B3B49B988AB49B
:106EF000B99861B4D69839B4F49810B41299E8B33B
:106F00003099C0B34E9997B36C996FB38A9947B3D0
:106F1000A8991EB3C699F6B2E599CEB2039AA6B265
:106F2000229A7EB2409A56B25F9A2EB27D9A06B2EB
:106F30009C9ADEB1BA9AB7B1D99A8FB1F89A67B173
:106F4000179B40B1369B18B1559BF0B0749BC9B0EC
:106F5000939BA1B0B29B7AB0D29B53B0F19B2BB064
:106F6000109C04B0309CDDAF4F9CB6AF6F9C8FAFD0
:106F70008E9C68AFAE9C40AFCE9C1AAFEE9CF3AE39
:106F80000D9DCCAE2D9DA5AE4D9D7EAE6D9D57AE9B
:106F90008E9D31AEAE9D0AAECE9DE3ADEE9DBDADF4
:106FA0000E9E96AD2F9E70AD4F9E4AAD709E23AD46
:106FB000909EFDACB19ED7ACD29EB1ACF29E8AAC95
:106FC000139F64AC349F3EAC559F18AC769FF2ABD8
:106FD000979FCCABB89FA7ABD99F81ABFB9F5BAB17
:106FE0001CA035AB3DA010AB5FA0EAAA80A0C5AA4B
:106FF000A1A09FAAC3A07AAAE5A054AA06A12FAA7D
:1070000028A10AAA4AA1E5A96CA1BFA98EA19AA9A3
:10701000AFA175A9D2A150A9F4A12BA916A206A9C6
:1070200038A2E2A85AA2BDA87CA298A89FA273A8E1
:10703000C1A24FA8E4A22AA806A306A829A3E1A7F3
:107040004BA3BDA76EA398A791A374A7B4A350A701
:10705000D6A32BA7F9A307A71CA4E3A63FA4BFA60A
:1070600062A49BA686A477A6A9A453A6CCA42FA607
:10707000EFA40CA613A5E8A536A5C4A55AA5A1A5FD
:107080007DA57DA5A1A55AA5C4A536A5E8A513A5EE
:107090000CA6EFA42FA6CCA453A6A9A477A686A4D9
:1070A0009BA662A4BFA63FA4E3A61CA407A7F9A3BE
:1070B0002BA7D6A350A7B4A374A791A398A76EA398
:1070C000BDA74BA3E1A729A306A806A32AA8E4A26B
:1070D0004FA8C1A273A89FA298A87CA2BDA85AA23B
:1070E000E2A838A206A916A22BA9F4A150A9D2A100
:1070F00075A9AFA19AA98EA1BFA96CA1E5A94AA1C2
:107100000AAA28A12FAA06A154AAE5A07AAAC3A078
:107110009FAAA1A0C5AA80A0EAAA5FA010AB3DA02B
:1071200035AB1CA05BABFB9F81ABD99FA7ABB89FD6
:10713000CCAB979FF2AB769F18AC559F3EAC349F7B
:1071400064AC139F8AACF29EB1ACD29ED7ACB19E18
:10715000FDAC909E23AD709E4AAD4F9E70AD2F9EAC
:1071600096AD0E9EBDADEE9DE3ADCE9D0AAEAE9D3D
:1071700031AE8E9D57AE6D9D7EAE4D9DA5AE2D9DC3
:10718000CCAE0D9DF3AEEE9C1AAFCE9C40AFAE9C44
:1071900068AF8E9C8FAF6F9CB6AF4F9CDDAF309CBD
:1071A00004B0109C2BB0F19B53B0D29B7AB0B29B31
:1071B000A1B0939BC9B0749BF0B0559B18B1369B9E
:1071C00040B1179B67B1F89A8FB1D99AB7B1BA9A03
:1071D000DEB19C9A06B27D9A2EB25F9A56B2409A60
:1071E0007EB2229AA6B2039ACEB2E599F6B2C699B9
:1071F0001EB3A89947B38A996FB36C9997B34E9908
:10720000C0B33099E8B3129910B4F49839B4D69851
:1072100061B4B9988AB49B98B3B47D98DBB4609894
:1072200004B542982DB5259856B508987EB5EA97CD
:10723000A7B5CD97D0B5B097F9B5939722B6769705
:107240004BB6599775B63C979EB61F97C7B602972F
:10725000F0B6E69619B7C99643B7AC966CB7909658
:1072600096B77396BFB75796E9B73B9612B81E9676
:107270003CB8029665B8E6958FB8CA95B9B8AE9590
:10728000E3B892950CB9769536B95A9560B93E95A2
:107290008AB92395B4B90795DEB9EC9408BAD094AD
:1072A00032BAB5945CBA999487BA7E94B1BA6394B1
:1072B000DBBA479405BB2C9430BB11945ABBF693B0
:1072C00085BBDB93AFBBC093DABBA69304BC8B93A7
:1072D0002FBC70935ABC569384BC3B93AFBC219394
:1072E000DABC069305BDEC922FBDD2925ABDB7927F
:1072F00085BD9D92B0BD8392DBBD699206BE4F9263
:1073000031BE35925DBE1C9288BE0292B3BEE8913A
:10731000DEBECF9109BFB59135BF9C9160BF829110
:107320008CBF6991B7BF5091E2BF36910EC01D91DD
:107330003AC0049165C0EB9091C0D290BCC0B990A6
:10734000E8C0A09014C1889040C16F906CC1569065
:1073500097C13E90C3C12590EFC10D901BC2F58F20
:1073600047C2DC8F73C2C48F9FC2AC8FCCC2948FD4
:10737000F8C27C8F24C3648F50C34C8F7CC3348F7E
:10738000A9C31D8FD5C3058F02C4ED8E2EC4D68E22
:107390005AC4BE8E87C4A78EB3C4908EE0C4798EC3
:1073A0000DC5618E39C54A8E66C5338E93C51C8E58
:1073B000BFC5058EECC5EE8D19C6D88D46C6C18DEC
:1073C00073C6AA8DA0C6948DCDC67D8DF9C6678D76
:1073D00027C7508D54C73A8D81C7248DAEC70E8DF7
:1073E000DBC7F88C08C8E28C35C8CC8C63C8B68C77
:1073F00090C8A08CBDC88A8CEBC8758C18C95F8CEE
:1074000045C94A8C73C9348CA0C91F8CCEC9098C5C
:10741000FBC9F48B29CADF8B57CACA8B84CAB58BC8
:10742000B2CAA08BE0CA8B8B0DCB768B3BCB618B2A
:1074300069CB4D8B97CB388BC5CB248BF3CB0F8B84
:1074400021CCFB8A4FCCE68A7DCCD28AABCCBE8ADB
:10745000D9CCAA8A07CD968A35CD828A63CD6E8A29
:1074600091CD5A8ABFCD468AEECD338A1CCE1F8A73
:107470004ACE0B8A79CEF889A7CEE489D5CED189B8
:1074800004CFBE8932CFAB8961CF97898FCF8489F2
:10749000BECF7189ECCF5F891BD04C894AD0398926
:1074A00078D02689A7D01489D6D0018904D1EF8855
:1074B00033D1DC8862D1CA8891D1B888C0D1A5887F
:1074C000EED193881DD281884CD26F887BD25D88A3
:1074D000AAD24B88D9D23A8808D3288837D31688BD
:1074E00067D3058896D3F387C5D3E287F4D3D187D2
:1074F00023D4BF8752D4AE8782D49D87B1D48C87E2
:10750000E0D47B8710D56A873FD559876ED54987E8
:107510009ED53887CDD52787FDD517872CD60687EA
:107520005CD6F6868BD6E686BBD6D586EAD6C586E9
:107530001AD7B5864AD7A58679D79586A9D78586DD
:10754000D9D7758609D8668638D8568668D84686CB
:1075500098D83786C8D82786F8D8188627D90986B4
:1075600057D9FA8587D9EA85B7D9DB85E7D9CC859C
:1075700017DABD8547DAAF8577DAA085A7DA918576
:10758000D7DA828508DB748538DB658568DB57854B
:1075900098DB4985C8DB3A85F8DB2C8529DC1E851C
:1075A00059DC108589DC0285BADCF484EADCE684E7
:1075B0001ADDD9844BDDCB847BDDBD84ABDDB084AB
:1075C000DCDDA2840CDE95843DDE88846DDE7B8468
:1075D0009EDE6D84CEDE6084FFDE53842FDF468422
:1075E00060DF3A8491DF2D84C1DF2084F2DF1484D0
:1075F00023E0078453E0FA8384E0EE83B5E0E2837E
:10760000E6E0D68316E1C98347E1BD8378E1B18323
:10761000A9E1A583DAE199830AE28E833BE28283C2
:107620006CE276839DE26B83CEE25F83FFE254835C
:1076300030E3488361E33D8392E33283C3E32783EE
:10764000F4E31C8325E4118356E4068387E4FB827C
:10765000B8E4F082E9E4E6821BE5DB824CE5D08207
:107660007DE5C682AEE5BC82DFE5B18210E6A78289
:1076700042E69D8273E69382A4E68982D5E67F8204
:1076800007E7758238E76B8269E762829BE7588279
:10769000CCE74F82FDE745822FE83C8260E83282EA
:1076A00092E82982C3E82082F5E8178226E90E8253
:1076B00057E9058289E9FC81BAE9F381ECE9EB81BC
:1076C0001DEAE2814FEAD98180EAD181B2EAC8811C
:1076D000E4EAC08115EBB88147EBB08178EBA88173
:1076E000AAEBA081DCEB98810DEC90813FEC8881C6
:1076F00071EC8081A2EC7981D4EC718106ED6A8114
:1077000037ED628169ED5B819BED5481CDED4C815C
:10771000FEED458130EE3E8162EE378194EE3081A0
:10772000C6EE2A81F7EE238129EF1C815BEF1681DB
:107730008DEF0F81BFEF0981F1EF028122F0FC8014
:1077400054F0F68086F0F080B8F0EA80EAF0E48049
:107750001CF1DE804EF1D88080F1D280B2F1CD8074
:10776000E4F1C78016F2C28048F2BC807AF2B7809A
:10777000ACF2B280DEF2AC8010F3A78042F3A280BC
:1077800074F39D80A6F39880D8F394800AF48F80D8
:107790003CF48A806EF48680A0F48180D2F47D80EF
:1077A00004F5788036F5748068F570809AF56C8001
:1077B000CCF56880FFF5648031F6608063F65C800C
:1077C00095F65880C7F65580F9F651802BF74E8014
:1077D0005DF74A8090F74780C2F74380F4F7408016
:1077E00026F83D8058F83A808AF83780BDF8348012
:1077F000EFF8318021F92F8053F92C8085F9298009
:10780000B8F92780EAF925801CFA22804EFA2080F8
:1078100080FA1E80B3FA1C80E5FA1A8017FB1880E4
:1078200049FB16807CFB1480AEFB1280E0FB1180CC
:1078300012FC0F8045FC0D8077FC0C80A9FC0B80AE
:10784000DBFC09800EFD088040FD078072FD06808C
:10785000A4FD0580D7FD048009FE03803BFE038064
:107860006DFE0280A0FE0180D2FE018004FF008038
:1078700036FF008069FF00809BFF0080CDFF008005
:10788000000400020006000100050003000780005C
:10789000800480028006800180058003800740000C
:1078A0004004400240064001400540034007C0003C
:1078B000C004C002C006C001C005C003C00720004C
:1078C0002004200220062001200520032007A0001C
:1078D000A004A002A006A001A005A003A0076000CC
:1078E0006004600260066001600560036007E000FC
:1078F000E004E002E006E001E005E003E00710003C
:10790000100410021006100110051003100790005B
:10791000900490029006900190059003900750000B
:107920005004500250065001500550035007D0003B
:10793000D004D002D006D001D005D003D00730004B
:107940003004300230063001300530033007B0001B
:10795000B004B002B006B001B005B003B0077000CB
:107960007004700270067001700570037007F000FB
:10797000F004F002F006F001F005F003F007080053
:10798000080408020806080108050803080788001B
:1079900088048802880688018805880388074800CB
:1079A0004804480248064801480548034807C800FB
:1079B000C804C802C806C801C805C803C80728000B
:1079C0002804280228062801280528032807A800DB
:1079D000A804A802A806A801A805A803A80768008B
:1079E0006804680268066801680568036807E800BB
:1079F000E804E802E806E801E805E803E8071800FB
:107A0000180418021806180118051803180798001A
:107A100098049802980698019805980398075800CA
:107A20005804580258065801580558035807D800FA
:107A3000D804D802D806D801D805D803D80738000A
:107A40003804380238063801380538033807B800DA
:107A5000B804B802B806B801B805B803B80778008A
:107A60007804780278067801780578037807F800BA
:107A7000F804F802F806F801F805F803F80704001E
:107A8000040404020406040104050403040784003A
:107A900084048402840684018405840384074400EA
:107AA0004404440244064401440544034407C4001A
:107AB000C404C402C406C401C405C403C40724002A
:107AC0002404240224062401240524032407A400FA
:107AD000A404A402A406A401A405A403A4076400AA
:107AE0006404640264066401640564036407E400DA
:107AF000E404E402E406E401E405E403E40714001A
:107B00001404140214061401140514031407940039
:107B100094049402940694019405940394075400E9
:107B20005404540254065401540554035407D40019
:107B3000D404D402D406D401D405D403D407340029
:107B40003404340234063401340534033407B400F9
:107B5000B404B402B406B401B405B403B4077400A9
:107B60007404740274067401740574037407F400D9
:107B7000F404F402F406F401F405F403F4070C0031
:107B80000C040C020C060C010C050C030C078C00F9
:107B90008C048C028C068C018C058C038C074C00A9
:107BA0004C044C024C064C014C054C034C07CC00D9
:107BB000CC04CC02CC06CC01CC05CC03CC072C00E9
:107BC0002C042C022C062C012C052C032C07AC00B9
:107BD000AC04AC02AC06AC01AC05AC03AC076C0069
:107BE0006C046C026C066C016C056C036C07EC0099
:107BF000EC04EC02EC06EC01EC05EC03EC071C00D9
:107C00001C041C021C061C011C051C031C079C00F8
:107C10009C049C029C069C019C059C039C075C00A8
:107C20005C045C025C065C015C055C035C07DC00D8
:107C3000DC04DC02DC06DC01DC05DC03DC073C00E8
:107C40003C043C023C063C013C053C033C07BC00B8
:107C5000BC04BC02BC06BC01BC05BC03BC077C0068
:107C60007C047C027C067C017C057C037C07FC0098
:107C7000FC04FC02FC06FC01FC05FC03FC07020002
:107C80000204020202060201020502030207820048
:107C900082048202820682018205820382074200F8
:107CA0004204420242064201420542034207C20028
:107CB000C204C202C206C201C205C203C207220038
:107CC0002204220222062201220522032207A20008
:107CD000A204A202A206A201A205A203A2076200B8
:107CE0006204620262066201620562036207E200E8
:107CF000E204E202E206E201E205E203E207120028
:107D00001204120212061201120512031207920047
:107D100092049202920692019205920392075200F7
:107D20005204520252065201520552035207D20027
:107D3000D204D202D206D201D205D203D207320037
:107D40003204320232063201320532033207B20007
:107D5000B204B202B206B201B205B203B2077200B7
:107D60007204720272067201720572037207F200E7
:107D7000F204F202F206F201F205F203F2070A003F
:107D80000A040A020A060A010A050A030A078A0007
:107D90008A048A028A068A018A058A038A074A00B7
:107DA0004A044A024A064A014A054A034A07CA00E7
:107DB000CA04CA02CA06CA01CA05CA03CA072A00F7
:107DC0002A042A022A062A012A052A032A07AA00C7
:107DD000AA04AA02AA06AA01AA05AA03AA076A0077
:107DE0006A046A026A066A016A056A036A07EA00A7
:107DF000EA04EA02EA06EA01EA05EA03EA071A00E7
:107E00001A041A021A061A011A051A031A079A0006
:107E10009A049A029A069A019A059A039A075A00B6
:107E20005A045A025A065A015A055A035A07DA00E6
:107E3000DA04DA02DA06DA01DA05DA03DA073A00F6
:107E40003A043A023A063A013A053A033A07BA00C6
:107E5000BA04BA02BA06BA01BA05BA03BA077A0076
:107E60007A047A027A067A017A057A037A07FA00A6
:107E7000FA04FA02FA06FA01FA05FA03FA0706000A
:107E80000604060206060601060506030607860026
:107E900086048602860686018605860386074600D6
:107EA0004604460246064601460546034607C60006
:107EB000C604C602C606C601C605C603C607260016
:107EC0002604260226062601260526032607A600E6
:107ED000A604A602A606A601A605A603A607660096
:107EE0006604660266066601660566036607E600C6
:107EF000E604E602E606E601E605E603E607160006
:107F00001604160216061601160516031607960025
:107F100096049602960696019605960396075600D5
:107F20005604560256065601560556035607D60005
:107F3000D604D602D606D601D605D603D607360015
:107F40003604360236063601360536033607B600E5
:107F5000B604B602B606B601B605B603B607760095
:107F60007604760276067601760576037607F600C5
:107F7000F604F602F606F601F605F603F6070E001D
:107F80000E040E020E060E010E050E030E078E00E5
:107F90008E048E028E068E018E058E038E074E0095
:107FA0004E044E024E064E014E054E034E07CE00C5
:107FB000CE04CE02CE06CE01CE05CE03CE072E00D5
:107FC0002E042E022E062E012E052E032E07AE00A5
:107FD000AE04AE02AE06AE01AE05AE03AE076E0055
:107FE0006E046E026E066E016E056E036E07EE0085
:107FF000EE04EE02EE06EE01EE05EE03EE071E00C5
:108000001E041E021E061E011E051E031E079E00E4
:108010009E049E029E069E019E059E039E075E0094
:108020005E045E025E065E015E055E035E07DE00C4
:10803000DE04DE02DE06DE01DE05DE03DE073E00D4
:108040003E043E023E063E013E053E033E07BE00A4
:10805000BE04BE02BE06BE01BE05BE03BE077E0054
:108060007E047E027E067E017E057E037E07FE0084
:10807000FE04FE02FE06FE01FE05FE03FE070100F1
:108080003863ED3EDA0F493F5E987B3FDA0FC93F18
:108090006937AC3168212233B40F14336821A2331D
:1080A0002C2066756E6374696F6E3A2000000000C4
:1080B000617373657274696F6E2022257322206666
:1080C00061696C65643A2066696C652022257322BB
:1080D0002C206C696E65202564257325730A0000C9
:1080E000E0064020303132333435363738394142BA
:1080F00043444546000000003031323334353637D2
:10810000383961626364656600000000286E756C32
:108110006C2900002020202020202020202020204A
:10812000202020203030303030303030303030308F
:108130003030303043000000504F534958000000A9
:108140002E000000494E4600696E66004E414E000A
:108150006E616E00300000002020202020202020B2
:10816000202020202020202030303030303030308F
:10817000303030303030303000202020202020209F
:1081800020202828282828202020202020202020C7
:1081900020202020202020202088101010101010D7
:1081A0001010101010101010100404040404040423
:1081B00004040410101010101010414141414141BD
:1081C000010101010101010101010101010101019F
:1081D00001010101101010101010424242424242AF
:1081E000020202020202020202020202020202026F
:1081F0000202020210101010200000000000000017
:10820000000000000000000000000000000000006E
:10821000000000000000000000000000000000005E
:10822000000000000000000000000000000000004E
:10823000000000000000000000000000000000003E
:10824000000000000000000000000000000000002E
:10825000000000000000000000000000000000001E
:10826000000000000000000000000000000000000E
:10827000000000000000000000000000496E666978
:108280006E697479000000004E614E00000000002D
:108290000080E03779C34143176E05B5B5B8934602
:1082A000F5F93FE9034F384D321D30F94877825ACE
:1082B0003CBF737FDD4F1575000000000000F03FEC
:1082C00000000000000024400000000000005940B1
:1082D0000000000000408F40000000000088C34004
:1082E00000000000006AF8400000000080842E4179
:1082F00000000000D01263410000000084D79741C5
:108300000000000065CDCD41000000205FA00242CA
:10831000000000E876483742000000A2941A6D423F
:10832000000040E59C30A2420000901EC4BCD64232
:1083300000003426F56B0C430080E03779C34143DD
:1083400000A0D8855734764300C84E676DC1AB4353
:10835000003D9160E458E143408CB5781DAF154471
:1083600050EFE2D6E41A4B4492D54D06CFF080444C
:10837000F64AE1C7022DB544B49DD9794378EA4461
:1083800005000000190000007D000000F8B500BFE6
:10839000F8BC08BC9E467047CDF840008101400003
:1083A000F8B500BFF8BC08BC9E467047000000004E
:1083B0005FF800F0010040205FF800F06D00402001
:0483C0005D0140001B
:0883C400805CFF7F0100000056
:1083CC0030B482B0049D5BB31C46036843F4803325
:1083DC000360C9B241F0B441416083680193019BD1
:1083EC0013F0010FF9D14DB1214604EB85030D4C6F
:1083FC0054F8045F41F8045B9942F9D1D2B242F0CF
:10840C00B442426083680193019B13F0010FF9D0D1
:10841C00036823F480330360002002B030BC704743
:10842C000220FAE7FCFF3F000160704782B0416018
:10843C0083680193019B13F0010FF9D0019B024853
:10844C00184002B0704700BF0E000F004D1D4000D9
:10845C00CD1C4000F91C400004010000FD2440002C
:10846C007D2440001124400005010000F12640004D
:10847C005D264000D525400003010000DD2A4000A8
:10848C00492A4000C129400007010000112D40007D
:10849C00752C4000ED2B4000000000000400000093
:1084AC00E141400035414000A541400049404000B9
:1084BC005140400085464000114640005146400066
:1084CC002D45400035454000894A40000D4A40008A
:1084DC00414A40006D4A4000754A40003D4F400003
:1084EC00BD4E4000054F4000CD4D4000D54D4000E5
:1084FC00659640006D9640002F9940004F9A4000C1
:10850C00499740001D9940003D9A40004597400016
:10851C002598400045994000639A4000718C4000BA
:10852C00798C4000298D4000B18C4000218C40009A
:10853C00378C4000518C4000D18B4000E78B4000C1
:10854C00018C4000C59D4000B99E4000059F400035
:10855C008B05510252616461722042617365626FD6
:10856C00617264204D43553720284D4355204229D4
:10857C0000000000636564306438362D64697274E1
:10858C00790000000200060000000000040000005A
:10859C0000000000000300000000000000000000CC
:1085AC00000000000000000004030904496E666925
:1085BC006E656F6E0000000049465820434443002E
:1085CC00B002402018024020B0024020C4024020DB
:1085DC00200240200000000028024020D002402051
:1085EC006C024020D00240200902430002010080AE
:1085FC0032090400000102020100052400100104EC
:10860C002402020524060001052401030107058349
:10861C000340001009040100020A00000007058154
:10862C00024000000705020240000000090243005E
:10863C00020100803209040000010202010005243D
:10864C000010010424020205240600010524010384
:10865C00010705830340001009040100020A000011
:10866C00000705810200020007050202000200005B
:10867C0012010002020000408B05510200010102B0
:10868C00000100000A060002020000400100000088
:10869C00D8024020EC024020C95C4000155D40002F
:1086AC00495D4000455D40000000000099604000BD
:1086BC00255D4000415D4000455D4000715F40001C
:1086CC000100000000093D00040000005D9F400017
:1086DC000000000000000000719F4000000000003E
:1086EC0000000000859F400000000000000000001A
:1086FC00999F4000000000000000000000000640B0
:10870C00290000007C000000020000007B0000003B
:10871C0002000000801A06000080014013000000D7
:10872C000400000000000000030000000000000036
:10873C00801A06000100000000000000000000008C
:10874C00700000000000000000000000700000003D
:10875C00000000000000000070000000000000009D
:10876C00000000007000000000000000010000008C
:10877C00700000000000000001000000500000002C
:10878C00000000000000000070000000000000006D
:10879C00000000007000000000000000000000005D
:1087AC0070000000000000000000000070000000DD
:1087BC002B00000080F0FA020E0000000000000008
:1087CC000D000000000000000C0000000000000084
:1087DC00FFFFFFFF00000000FFFFFFFF0000000095
:1087EC00FFFFFFFFFFFFFFFF0B000000000000007A
:1087FC0000C0074008C007400CC007400405050630
:10880C00000000000000000000000000000000005C
:10881C00000000000000000000000000000000004C
:10882C00000000000000000000000000000000003C
:10883C002A00000080F0FA0258000000020000003C
:10884C005B000000020000005A0000000200000063
:10885C00FFFFFFFF00000000FFFFFFFF0000000014
:10886C00FFFFFFFFFFFFFFFF5900000000000000AB
:10887C0000800540088005400C800540020303047D
:10888C0000000000000000000000000000000000DC
:10889C0000000000000000000000000000000000CC
:1088AC0000000000000000000000000000000000BC
:1088BC0015000000404B4C00760000000100000049
:1088CC0075000000010000007400000001000000B1
:1088DC00FFFFFFFF00000000FFFFFFFF0000000094
:1088EC00FFFFFFFFFFFFFFFF6C0000000000000018
:1088FC0000800040088000400C8000400001010214
:10890C00000000000000000000000000000000005B
:10891C00000000000000000000000000000000004B
:10892C00000000000000000000000000000000003B
:10893C002B00000080F0FA020E0000000000000086
:10894C000D000000000000000C0000000000000002
:10895C0011000000000000007F000000000000007B
:10896C006B000000720000000B0000000000000013
:10897C0000C0074008C007400CC0074004050506AE
:10898C0000000000000000000000000000000000DB
:10899C0000000000000000000000000000000000CB
:1089AC0000000000000000000000000000000000BB
:1089BC0015000000404B4C00760000000100000048
:1089CC0075000000010000007400000001000000B0
:1089DC00FFFFFFFF00000000FFFFFFFF0000000093
:1089EC00FFFFFFFFFFFFFFFF6C0000000000000017
:1089FC0000800040088000400C8000400001010213
:108A0C00000000000000000000000000000000005A
:108A1C00000000000000000000000000000000004A
:108A2C00000000000000000000000000000000003A
:108A3C001E4318440E4412440143104409431C4382
:108A4C001B4106430A41094100410B41FFFF1F43F3
:108A5C00034301410A43024316410A441D430F4498
:108A6C000B430241074111411943FFFF1E431844B8
:108A7C00FFFFFFFF0143104409431C431B41064306
:108A8C00194111411F440B410941FF000600000030
:108A9C000600000001000000E0064020000000007D
:108AAC0000000000CC094020340A40209C0A4020E1
:108ABC0000000000000000000000000000000000AA
:108ACC00000000000000000000000000000000009A
:108ADC00000000000000000000000000000000008A
:108AEC00000000000000000000000000000000007A
:108AFC00000000000000000000000000000000006A
:108B0C000000000000000000000000000000000059
:108B1C000000000000000000000000000000000049
:108B2C000000000000000000000000000000000039
:108B3C000000000000000000000000000000000029
:108B4C000000000000000000010000000000000018
:108B5C000E33CDAB34126DE6ECDE05000B000000DD
:108B6C0000000000000000000000000000000000F9
:108B7C0000000000000000000000000000000000E9
:108B8C0000000000000000000000000000000000D9
:108B9C0000000000000000000000000000000000C9
:108BAC0000000000000000000000000000000000B9
:108BBC0000000000000000000000000000000000A9
:108BCC000000000000000000000000000000000099
:108BDC000000000000000000000000000000000089
:108BEC000000000000000000000000000000000079
:108BFC000000000000000000000000000000000069
:108C0C000000000000000000000000000000000058
:108C1C000000000000000000000000000000000048
:108C2C000000000000000000000000000000000038
:108C3C000000000000000000000000000000000028
:108C4C000000000000000000000000000000000018
:108C5C000000000000000000000000000000000008
:108C6C0000000000000000000000000000000000F8
:108C7C0000000000000000000000000000000000E8
:108C8C0000000000000000000000000000000000D8
:108C9C0000000000000000000000000000000000C8
:108CAC0000000000000000000000000000000000B8
:108CBC0000000000000000000000000000000000A8
:108CCC000000000000000000000000000000000098
:108CDC000000000000000000000000000000000088
:108CEC000000000000000000000000000000000078
:108CFC000000000000000000000000000000000068
:108D0C000000000000000000000000000000000057
:108D1C000000000000000000000000000000000047
:108D2C000000000000000000000000000000000037
:108D3C000000000000000000000000000000000027
:108D4C000000000000000000000000000000000017
:108D5C000000000000000000000000000000000007
:108D6C0000000000000000000000000000000000F7
:108D7C0000000000000000000000000000000000E7
:108D8C0000000000000000000000000000000000D7
:108D9C0000000000000000000000000000000000C7
:108DAC0000000000000000000000000000000000B7
:108DBC0000000000000000000000000000000000A7
:108DCC000000000000000000000000000000000097
:108DDC000000000000000000000000000000000087
:108DEC000000000000000000000000000000000077
:108DFC000000000000000000000000000000000067
:108E0C000000000000000000000000000000000056
:108E1C000000000000000000000000000000000046
:108E2C000000000000000000000000000000000036
:108E3C000000000000000000000000000000000026
:108E4C000000000000000000000000000000000016
:108E5C000000000000000000000000000000000006
:108E6C0000000000000000000000000000000000F6
:108E7C0000000000000000000000000000000000E6
:108E8C0000000000000000000000000000000000D6
:108E9C0000000000000000000000000000000000C6
:108EAC0000000000000000000000000000000000B6
:108EBC0000000000000000000000000000000000A6
:108ECC000000000000000000983145204300000025
:108EDC000000000000000000000000000000000086
:108EEC000000000000000000000000004300000033
:108EFC000000000000000000000000000000000066
:108F0C000000000000000000000000004300000012
:108F1C000000000000000000000000000000000045
:108F2C0000000000000000000000000043000000F2
:108F3C000000000000000000000000000000000025
:108F4C0000000000000000000000000043000000D2
:108F5C000000000000000000000000000000000005
:108F6C0000000000000000000000000043000000B2
:108F7C0000000000000000000000000000000000E5
:108F8C000000000000000000000000004300000092
:108F9C0000000000000000000000000000000000C5
:108FAC0000000000000000000000000065244100EB
:108FBC00C50841000000000078814100408141005B
:108FCC00E0434100E0434100E0434100E043410005
:108FDC00E0434100E0434100E0434100E0434100F5
:108FEC00E0434100FFFFFFFFFFFFFFFFFFFFFFFF1D
:108FFC00FFFF0000010041534349490000000000FD
:10900C000000000000000000000000000000000054
:10901C0000000000000041534349490000000000DB
:10902C000000000000000000000000000000000034
:10903C000000000000000000000000000000000024
:10904C00780C4020780C4020800C4020800C402074
:10905C00880C4020880C4020900C4020900C402024
:10906C00980C4020980C4020A00C4020A00C4020D4
:10907C00A80C4020A80C4020B00C4020B00C402084
:10908C00B80C4020B80C4020C00C4020C00C402034
:10909C00C80C4020C80C4020D00C4020D00C4020E4
:1090AC00D80C4020D80C4020E00C4020E00C402094
:1090BC00E80C4020E80C4020F00C4020F00C402044
:1090CC00F80C4020F80C4020000D4020000D4020F2
:1090DC00080D4020080D4020100D4020100D4020A0
:1090EC00180D4020180D4020200D4020200D402050
:1090FC00280D4020280D4020300D4020300D402000
:10910C00380D4020380D4020400D4020400D4020AF
:10911C00480D4020480D4020500D4020500D40205F
:10912C00580D4020580D4020600D4020600D40200F
:10913C00680D4020680D4020700D4020700D4020BF
:10914C00780D4020780D4020800D4020800D40206F
:10915C00880D4020880D4020900D4020900D40201F
:10916C00980D4020980D4020A00D4020A00D4020CF
:10917C00A80D4020A80D4020B00D4020B00D40207F
:10918C00B80D4020B80D4020C00D4020C00D40202F
:10919C00C80D4020C80D4020D00D4020D00D4020DF
:1091AC00D80D4020D80D4020E00D4020E00D40208F
:1091BC00E80D4020E80D4020F00D4020F00D40203F
:1091CC00F80D4020F80D4020000E4020000E4020ED
:1091DC00080E4020080E4020100E4020100E40209B
:1091EC00180E4020180E4020200E4020200E40204B
:1091FC00280E4020280E4020300E4020300E4020FB
:10920C00380E4020380E4020400E4020400E4020AA
:10921C00480E4020480E4020500E4020500E40205A
:10922C00580E4020580E4020600E4020600E40200A
:10923C00680E4020680E4020700E4020700E4020BA
:10924C00780E4020780E4020800E4020800E40206A
:10925C00880E4020880E4020900E4020900E40201A
:10926C00980E4020980E4020A00E4020A00E4020CA
:10927C00A80E4020A80E4020B00E4020B00E40207A
:10928C00B80E4020B80E4020C00E4020C00E40202A
:10929C00C80E4020C80E4020D00E4020D00E4020DA
:1092AC00D80E4020D80E4020E00E4020E00E40208A
:1092BC00E80E4020E80E4020F00E4020F00E40203A
:1092CC00F80E4020F80E4020000F4020000F4020E8
:1092DC00080F4020080F4020100F4020100F402096
:1092EC00180F4020180F4020200F4020200F402046
:1092FC00280F4020280F4020300F4020300F4020F6
:10930C00380F4020380F4020400F4020400F4020A5
:10931C00480F4020480F4020500F4020500F402055
:10932C00580F4020580F4020600F4020600F402005
:10933C00680F4020680F4020700F4020700F4020B5
:10934C00780F4020780F4020800F4020800F402065
:10935C00880F4020880F4020900F4020900F402015
:10936C00980F4020980F4020A00F4020A00F4020C5
:10937C00A80F4020A80F4020B00F4020B00F402075
:10938C00B80F4020B80F4020C00F4020C00F402025
:10939C00C80F4020C80F4020D00F4020D00F4020D5
:1093AC00D80F4020D80F4020E00F4020E00F402085
:1093BC00E80F4020E80F4020F00F4020F00F402035
:1093CC00F80F4020F80F40200010402000104020E3
:1093DC000810402008104020101040201010402091
:1093EC001810402018104020201040202010402041
:1093FC0028104020281040203010402030104020F1
:10940C0038104020381040204010402040104020A0
:10941C004810402048104020501040205010402050
:10942C005810402058104020601040206010402000
:10943C0068104020681040207010402070104020B0
:08944C00FFFFFFFF000002001A
:0400000500408681B0
:00000001FF
